DisasterNumber,total_cost,fed_amount,disaster_type,State,year,percentage,election,state,incident_type
820,292000,87769,7,52,1989,.30057877,0,Utah,Flood
821,1105600,542043,7,21,1989,.49027044,0,Kentucky,Flood
822,406213,206105,7,56,1989,.50738162,0,Washington,Flood
824,491845,239923,7,28,1989,.48780206,0,Minnesota,Flood
825,381741,122871,7,39,1989,.32187006,0,North Dakota,Flood
826,1082183,258547,8,2,1989,.23891246,0,Alaska,Freezing
827,288890,144445,17,38,1989,.5,0,North Carolina,Tornado
828,17046587,1244240,14,51,1989,.072990566,0,Texas,Severe Storm
829,451450,158521,7,22,1989,.35113746,0,Louisiana,Flood
830,215555,107778,7,23,1989,.50000232,0,Maine,Flood
832,1171748,317013,7,2,1989,.27054709,0,Alaska,Flood
834,678096,270456,7,21,1989,.39884618,0,Kentucky,Flood
835,388222,30758,7,22,1989,.079227865,0,Louisiana,Flood
836,110000,55000,7,51,1989,.5,0,Texas,Flood
837,411974,205350,17,8,1989,.4984538,0,Connecticut,Tornado
838,68512,34256,14,10,1989,.5,0,District of Columbia,Severe Storm
839,90250,32456,14,25,1989,.35962328,0,Maryland,Severe Storm
840,291430,135715,7,53,1989,.46568644,0,Vermont,Flood
843,22790847,10675000,10,48,1989,.46838978,0,South Carolina,Hurricane
844,3901703,1938940,10,38,1989,.49694711,0,North Carolina,Hurricane
845,127088832,59023479,4,6,1989,.46442696,0,California,Earthquake
846,235000,117500,7,21,1989,.5,0,Kentucky,Flood
847,537526,268763,7,55,1989,.5,0,Virginia,Flood
848,96388,47544,17,1,1989,.49325642,0,Alabama,Tornado
852,2344853,1197302,7,56,1990,.51060855,0,Washington,Flood
853,590046,104623,7,43,1990,.1773133,0,Oregon,Flood
856,646076,323038,14,1,1990,.5,0,Alabama,Severe Storm
857,8664093,750805,14,13,1990,.086657077,0,Georgia,Severe Storm
858,122850,61425,7,50,1990,.5,0,Tennessee,Flood
859,1386580,582459,14,29,1990,.4200688,0,Mississippi,Severe Storm
861,3106666,1443462,14,1,1990,.46463379,0,Alabama,Severe Storm
863,3490834,1055219,14,51,1990,.30228278,0,Texas,Severe Storm
864,2044554,845667,20,15,1990,.41361931,0,Hawaii,Volcano
865,3227230,753575,7,5,1990,.2335052,0,Arkansas,Flood
866,1953890,927719,14,42,1990,.47480616,0,Oklahoma,Severe Storm
867,1274754,634743,7,30,1990,.49793372,0,Missouri,Flood
868,1149004,574501,7,19,1990,.49999914,0,Iowa,Flood
869,10432390,384615,14,18,1990,.036867391,0,Indiana,Severe Storm
870,1355750,630000,14,41,1990,.46468744,0,Ohio,Severe Storm
871,14300000,424143,14,17,1990,.02966035,0,Illinois,Severe Storm
872,311781,154934,5,6,1990,.49693215,0,California,Fire
873,644613,299421,14,32,1990,.4644973,0,Nebraska,Severe Storm
874,774470,357016,14,58,1990,.46098107,0,Wisconsin,Severe Storm
875,555470,243003,7,53,1990,.43747276,0,Vermont,Flood
876,392418,172145,7,34,1990,.43867764,0,New Hampshire,Flood
879,216088,108044,7,19,1990,.5,0,Iowa,Flood
880,852388,426194,7,13,1990,.5,0,Georgia,Flood
881,828000,414000,7,48,1990,.5,0,South Carolina,Flood
883,6573121,3315640,7,56,1990,.50442398,0,Washington,Flood
884,198921,99461,7,4,1990,.5000025,0,Arizona,Flood
888,205502,94251,14,29,1991,.45863786,0,Mississippi,Severe Storm
889,590285,357617,7,50,1991,.60583788,0,Tennessee,Flood
890,694727,206668,7,1,1991,.29748088,0,Alabama,Flood
891,708013,221032,7,18,1991,.31218636,0,Indiana,Flood
893,867217,226246,7,21,1991,.26088741,0,Kentucky,Flood
895,331580,165790,7,29,1991,.5,0,Mississippi,Flood
896,1146200,223000,7,56,1991,.19455592,0,Washington,Flood
897,331504,165752,7,13,1991,.5,0,Georgia,Flood
898,2135987,1066282,15,37,1991,.49919873,0,New York,Snow
899,4528833,1583836,13,18,1991,.34972277,0,Indiana,Severe Ice Storm
900,507368,193763,14,51,1991,.38189834,0,Texas,Severe Storm
901,1899392,949696,15,23,1991,.5,0,Maine,Snow
902,192602,96301,7,22,1991,.5,0,Louisiana,Flood
904,1299124,642180,14,22,1991,.49431771,0,Louisiana,Severe Storm
905,208481,104241,17,42,1991,.50000238,0,Oklahoma,Tornado
906,1058437,529219,14,29,1991,.50000048,0,Mississippi,Severe Storm
907,473723,233400,7,5,1991,.49269298,0,Arkansas,Flood
908,735193,367596,7,32,1991,.49999931,0,Nebraska,Flood
909,777202,168293,15,2,1991,.21653701,0,Alaska,Snow
910,3344674,2351405,7,50,1991,.70302963,0,Tennessee,Flood
911,656125,328062,7,19,1991,.49999923,0,Iowa,Flood
912,1248917,54342,14,58,1991,.043511298,0,Wisconsin,Severe Storm
913,571797,285899,10,47,1991,.50000089,0,Rhode Island,Hurricane
914,1212789,651881,10,26,1991,.53750569,0,Massachusetts,Hurricane
915,662757,330690,10,23,1991,.49896115,0,Maine,Hurricane
916,156170,76773,10,8,1991,.4915989,0,Connecticut,Hurricane
917,157810,75428,10,34,1991,.47796717,0,New Hampshire,Hurricane
918,100000,50000,10,37,1991,.5,0,New York,Hurricane
919,5735029,2746288,5,6,1991,.47886211,0,California,Fire
920,1267841,621066,1,26,1991,.4898611,0,Massachusetts,Coastal Storm
921,409890,204945,1,23,1991,.5,0,Maine,Coastal Storm
922,141232,70616,5,56,1991,.5,0,Washington,Fire
923,123340,61666,1,34,1991,.49996758,0,New Hampshire,Coastal Storm
928,1160976,585715,13,19,1991,.50450224,0,Iowa,Severe Ice Storm
929,1606324,660004,13,28,1991,.41087851,0,Minnesota,Severe Ice Storm
930,4017314,1000364,7,51,1991,.24901314,0,Texas,Flood
933,683097,315162,7,9,1992,.46137226,1,Deleware,Flood
935,5872922,2303227,7,6,1992,.39217734,1,California,Flood
936,301810,145275,14,35,1992,.48134589,1,New Jersey,Severe Storm
938,473634,210817,7,53,1992,.44510528,1,Vermont,Flood
939,84546,42273,17,29,1992,.5,1,Mississippi,Tornado
940,913808,251959,7,23,1992,.27572423,1,Maine,Flood
941,583876,291938,7,17,1992,.5,1,Illinois,Flood
942,439870,219935,5,6,1992,.5,1,California,Fire
943,1767107,882816,4,6,1992,.49958265,1,California,Earthquake
944,894496,442248,7,55,1992,.49441025,1,Virginia,Flood
945,1592279,73117,7,36,1992,.045919716,1,New Mexico,Flood
947,2058092,1014046,4,6,1992,.49271169,1,California,Earthquake
948,138193,68683,14,49,1992,.49700782,1,South Dakota,Severe Storm
950,55001,26350,14,5,1992,.4790822,1,Arkansas,Severe Storm
951,633300,250000,14,41,1992,.39475763,1,Ohio,Severe Storm
952,1150872,520336,7,12,1992,.45212325,1,Florida,Flood
954,307358,153679,7,32,1992,.5,1,Nebraska,Flood
955,45811343,19598051,10,12,1992,.42779911,1,Florida,Hurricane
956,3658882,1713631,10,22,1992,.46834826,1,Louisiana,Hurricane
958,129864,48949,5,6,1992,.37692508,1,California,Fire
959,38868,19434,17,58,1992,.5,1,Wisconsin,Tornado
961,7760564,3676330,10,15,1992,.47371945,1,Hawaii,Hurricane
962,264664,161915,14,18,1992,.6117757,1,Indiana,Severe Storm
963,462340,188187,17,58,1992,.40703163,1,Wisconsin,Tornado
964,998969,198369,7,58,1992,.19857372,1,Wisconsin,Flood
965,512100,256050,7,19,1992,.5,1,Iowa,Flood
966,277439,81276,14,12,1992,.29295087,1,Florida,Severe Storm
967,294592,147296,17,29,1992,.5,1,Mississippi,Tornado
968,265500,132750,17,29,1992,.5,1,Mississippi,Tornado
969,133574,66787,17,13,1992,.5,1,Georgia,Tornado
972,392838,195689,7,8,1992,.49814174,1,Connecticut,Flood
973,3264567,1604097,7,35,1992,.49136594,1,New Jersey,Flood
974,2320089,1160045,7,37,1992,.50000024,1,New York,Flood
975,717927,322963,1,26,1992,.44985494,1,Massachusetts,Coastal Storm
976,231064,111504,1,9,1993,.48256761,0,Deleware,Coastal Storm
977,16212380,7851191,7,4,1993,.48427135,0,Arizona,Flood
979,23298198,11066146,7,6,1993,.47497863,0,California,Flood
980,96826,48412,17,13,1993,.49998966,0,Georgia,Tornado
981,1110620,555310,14,56,1993,.5,0,Washington,Severe Storm
982,3400019,1681607,17,12,1993,.49458754,0,Florida,Tornado
983,949790,474895,7,32,1993,.5,0,Nebraska,Flood
985,1754997,877466,4,43,1993,.49998149,0,Oregon,Earthquake
986,339124,169562,7,19,1993,.5,0,Iowa,Flood
988,396931,198465,7,23,1993,.49999875,0,Maine,Flood
990,153167,72906,7,53,1993,.47599027,0,Vermont,Flood
991,2604210,1035172,14,42,1993,.39749944,0,Oklahoma,Severe Storm
992,206670,103335,7,36,1993,.5,0,New Mexico,Flood
993,18507296,11982774,14,28,1993,.64746219,0,Minnesota,Severe Storm
994,14352356,10617875,14,58,1993,.73980016,0,Wisconsin,Severe Storm
995,56208163,30451013,7,30,1993,.54175431,0,Missouri,Flood
996,43484153,31690857,7,19,1993,.72879094,0,Iowa,Flood
997,61944508,32812000,7,17,1993,.52969992,0,Illinois,Flood
998,12614867,9349946,7,32,1993,.74118465,0,Nebraska,Flood
999,7788019,4545960,14,49,1993,.58371198,0,South Dakota,Severe Storm
1000,22880680,15395904,7,20,1993,.67287791,0,Kansas,Flood
1001,7395044,4200000,7,39,1993,.56794792,0,North Dakota,Flood
1003,402204,301654,10,38,1993,.7500025,0,North Carolina,Hurricane
1004,328791,246592,4,43,1993,.74999619,0,Oregon,Earthquake
1005,13412923,8861600,5,6,1993,.6606763,0,California,Fire
1006,1690774,1047261,14,30,1993,.6193974,0,Missouri,Severe Storm
1008,1124700214,734023207,4,6,1994,.65263897,0,California,Earthquake
1009,13950397,10236585,14,29,1994,.7337845,0,Mississippi,Severe Storm
1010,9916403,7437306,14,50,1994,.75000036,0,Tennessee,Severe Storm
1011,2009794,1507345,15,5,1994,.74999976,0,Arkansas,Snow
1012,1993360,1118358,14,22,1994,.56104165,0,Louisiana,Severe Storm
1013,4211142,1600355,14,1,1994,.38002875,0,Alabama,Severe Storm
1014,4051803,3038852,15,55,1994,.74999994,0,Virginia,Snow
1015,41418319,10207381,14,45,1994,.24644604,0,Pennsylvania,Severe Storm
1016,1779643,1334733,15,25,1994,.75000042,0,Maryland,Snow
1017,1141389,855980,14,9,1994,.74994588,0,Deleware,Severe Storm
1018,2839296,2109698,15,21,1994,.74303561,0,Kentucky,Snow
1019,916711,687533,14,1,1994,.7499997,0,Alabama,Severe Storm
1020,1449892,798913,17,13,1994,.5510155,0,Georgia,Tornado
1021,953288,714965,14,55,1994,.74999893,0,Virginia,Severe Storm
1022,992796,744597,7,50,1994,.75,0,Tennessee,Flood
1023,514167,365063,14,30,1994,.71000862,0,Missouri,Severe Storm
1024,110644,82983,14,42,1994,.75,0,Oklahoma,Severe Storm
1025,3671640,2617439,14,17,1994,.71288007,0,Illinois,Severe Storm
1026,397950,192744,14,51,1994,.48434225,0,Texas,Severe Storm
1027,10784912,8009578,15,32,1994,.74266511,0,Nebraska,Snow
1028,27579322,685574,8,27,1994,.024858262,0,Michigan,Freezing
1029,168964,84482,7,23,1994,.5,0,Maine,Flood
1030,444258,333194,14,10,1994,.75000113,0,District of Columbia,Severe Storm
1031,2105363,700291,14,49,1994,.33262244,0,South Dakota,Severe Storm
1032,742275,512600,14,39,1994,.69057965,0,North Dakota,Severe Storm
1033,91657869,59604213,17,13,1994,.65029019,0,Georgia,Tornado
1034,2807718,1950351,14,1,1994,.69463921,0,Alabama,Severe Storm
1035,6837781,4027940,14,12,1994,.58907121,0,Florida,Severe Storm
1036,725245,363685,6,43,1994,.50146502,0,Oregon,
1037,1045550,783413,6,56,1994,.74928313,0,Washington,
1038,330895,248171,6,6,1994,.74999923,0,California,
1039,11504871,8551871,14,2,1994,.74332613,0,Alaska,Severe Storm
1041,25044677,18160305,7,51,1994,.72511637,0,Texas,Flood
1042,2837394,2128045,14,13,1994,.74999982,0,Georgia,Severe Storm
1043,550844,413133,14,12,1994,.75,0,Florida,Severe Storm
1044,45874808,34395123,14,6,1995,.74976057,0,California,Severe Storm
1045,403920,301860,15,49,1995,.7473262,0,South Dakota,Snow
1046,26059058,19516629,14,6,1995,.74893838,0,California,Severe Storm
1047,498068,372109,14,1,1995,.74710482,0,Alabama,Severe Storm
1048,1153208,864906,9,42,1995,.75,0,Oklahoma,
1049,26949721,15375862,14,22,1995,.57053882,0,Louisiana,Severe Storm
1050,2604777,1844297,14,39,1995,.70804411,0,North Dakota,Severe Storm
1051,655617,481277,14,29,1995,.73408258,0,Mississippi,Severe Storm
1052,3830529,2797428,7,49,1995,.7302981,0,South Dakota,Flood
1053,5075404,3281632,14,17,1995,.64657551,0,Illinois,Severe Storm
1054,3129834,2187233,14,30,1995,.69883353,0,Missouri,Severe Storm
1055,1382843,864367,17,21,1995,.62506515,0,Kentucky,Tornado
1056,162351,121763,14,51,1995,.74999845,0,Texas,Severe Storm
1057,355286,266464,17,50,1995,.74999857,0,Tennessee,Tornado
1058,1640105,1093520,17,42,1995,.66673779,0,Oklahoma,Tornado
1059,3198166,2398624,14,55,1995,.74999982,0,Virginia,Severe Storm
1060,524002,393000,14,57,1995,.74999714,0,West Virginia,Severe Storm
1061,312750,202047,7,43,1995,.64603359,0,Oregon,Flood
1062,6680850,4721118,10,12,1995,.70666426,0,Florida,Hurricane
1063,883352,649857,14,53,1995,.73567164,0,Vermont,Severe Storm
1064,1050312,768959,14,28,1995,.73212439,0,Minnesota,Severe Storm
1065,972616,729306,14,41,1995,.7498396,0,Ohio,Severe Storm
1066,397050,297789,14,42,1995,.75000376,0,Oklahoma,Severe Storm
1069,29539505,19761438,10,12,1995,.6689834,0,Florida,Hurricane
1070,8395081,6226089,10,1,1995,.74163538,0,Alabama,Hurricane
1071,5715005,2716735,10,13,1995,.4753688,0,Georgia,Hurricane
1072,1208499,906374,7,2,1995,.74999982,0,Alaska,Flood
1073,11071782,1006522,7,38,1995,.090908766,0,North Carolina,Flood
1074,2683222,1928223,7,12,1995,.71862227,0,Florida,Flood
1075,1641425,1140053,15,49,1996,.69455075,1,South Dakota,Snow
1077,1778313,311787,7,34,1996,.17532741,1,New Hampshire,Flood
1078,1090774,557695,15,28,1996,.51128376,1,Minnesota,Snow
1079,6603497,4952623,14,56,1996,.75000006,1,Washington,Severe Storm
1093,28410392,21005515,7,45,1996,.73936027,1,Pennsylvania,Flood
1094,1148617,841685,7,25,1996,.73278123,1,Maryland,Flood
1095,16721357,12243910,7,37,1996,.73223186,1,New York,Flood
1096,7730964,5778201,7,57,1996,.74741018,1,West Virginia,Flood
1097,5786140,1771382,7,41,1996,.30614227,1,Ohio,Flood
1098,885461,664095,7,55,1996,.74999917,1,Virginia,Flood
1099,13830828,10373126,7,43,1996,.75000036,1,Oregon,Flood
1100,19363503,14479875,7,56,1996,.74779212,1,Washington,Flood
1101,540291,375227,7,53,1996,.69449055,1,Vermont,Flood
1102,3823648,2866735,14,16,1996,.74973822,1,Idaho,Severe Storm
1104,2121827,1591370,14,1,1996,.74999988,1,Alabama,Severe Storm
1105,354543,253214,14,31,1996,.71419829,1,Montana,Severe Storm
1106,296585,222414,14,23,1996,.74991655,1,Maine,Severe Storm
1107,535306,401479,14,43,1996,.74999905,1,Oregon,Severe Storm
1108,197425,148069,14,1,1996,.75000125,1,Alabama,Severe Storm
1110,561425,421005,14,17,1996,.74988645,1,Illinois,Severe Storm
1111,859260,644444,14,5,1996,.74999881,1,Arkansas,Severe Storm
1112,4802770,3420282,14,17,1996,.71214777,1,Illinois,Severe Storm
1113,416661,215244,14,31,1996,.51659262,1,Montana,Severe Storm
1114,396046,297032,14,23,1996,.74999368,1,Maine,Severe Storm
1115,2472802,1854600,7,57,1996,.7499994,1,West Virginia,Flood
1116,1147507,808350,7,28,1996,.70444018,1,Minnesota,Flood
1117,957371,375242,14,21,1996,.39195046,1,Kentucky,Severe Storm
1118,1953799,1363000,14,39,1996,.69761527,1,North Dakota,Severe Storm
1119,1748650,1311489,5,2,1996,.75000083,1,Alaska,Fire
1120,895078,663057,7,45,1996,.74078125,1,Pennsylvania,Flood
1121,646344,484760,14,19,1996,.7500031,1,Iowa,Severe Storm
1122,6097546,1159589,7,41,1996,.19017306,1,Ohio,Flood
1123,384574,288431,14,32,1996,.75000131,1,Nebraska,Severe Storm
1124,203782,152772,7,53,1996,.7496835,1,Vermont,Flood
1125,1479800,937133,14,18,1996,.63328356,1,Indiana,Severe Storm
1127,3453856,2590392,10,38,1996,.75,1,North Carolina,Hurricane
1128,2367460,1700298,14,27,1996,.71819502,1,Michigan,Severe Storm
1129,26924791,20195421,14,17,1996,.75006789,1,Illinois,Severe Storm
1130,3606950,2702413,7,45,1996,.74922389,1,Pennsylvania,Flood
1131,370081,269984,7,58,1996,.72952676,1,Wisconsin,Flood
1132,797918,598437,5,57,1996,.74999809,1,West Virginia,Fire
1133,911074,683307,14,19,1996,.75000167,1,Iowa,Severe Storm
1134,100208756,74037960,10,38,1996,.73883724,1,North Carolina,Hurricane
1135,3777516,2800603,10,55,1996,.74138749,1,Virginia,Hurricane
1137,2781564,2000000,14,57,1996,.71901995,1,West Virginia,Severe Storm
1138,1558493,993387,7,45,1996,.6374023,1,Pennsylvania,Flood
1139,497084,372812,10,25,1996,.74999797,1,Maryland,Hurricane
1140,54151,40364,7,48,1996,.74539715,1,South Carolina,Flood
1141,1685380,861384,14,12,1996,.51109189,1,Florida,Severe Storm
1142,17860368,11891758,7,26,1996,.66581821,1,Massachusetts,Flood
1143,1997428,1479502,7,23,1996,.74070352,1,Maine,Flood
1144,2394592,722753,7,34,1996,.30182719,1,New Hampshire,Flood
1145,303546,227659,14,35,1996,.74999833,1,New Jersey,Severe Storm
1146,1695023,1061577,14,37,1996,.62629062,1,New York,Severe Storm
1147,888812,657036,7,15,1996,.73922944,1,Hawaii,Flood
1148,2644372,1983280,14,37,1996,.75000036,1,New York,Severe Storm
1149,665050,497849,7,43,1996,.7485888,1,Oregon,Flood
1150,373195,283251,7,45,1996,.75898927,1,Pennsylvania,Flood
1151,2450592,1813202,14,28,1997,.73990369,0,Minnesota,Severe Storm
1152,1706373,1279780,13,56,1997,.75000012,0,Washington,Severe Ice Storm
1153,5653021,3852127,14,33,1997,.68142802,0,Nevada,Severe Storm
1154,4870027.32,3652627,14,16,1997,.75002187,0,Idaho,Severe Storm
1155,22959731,17168819,14,6,1997,.74777961,0,California,Severe Storm
1159,15629206,11343657,14,56,1997,.72579867,0,Washington,Severe Storm
1160,1806783,1282163,14,43,1997,.7096386,0,Oregon,Severe Storm
1161,414875,251000,14,49,1997,.60500151,0,South Dakota,Severe Storm
1162,4573289,3508559,14,5,1997,.76718503,0,Arkansas,Severe Storm
1163,19050836,14151080,14,21,1997,.74280626,0,Kentucky,Severe Storm
1164,24278430,10161702,14,41,1997,.41854855,0,Ohio,Severe Storm
1165,2604119,1953090,14,18,1997,.7500003,0,Indiana,Severe Storm
1167,1727856,1295891,17,50,1997,.7499994,0,Tennessee,Tornado
1168,3417588,2563189,7,57,1997,.7499994,0,West Virginia,Flood
1169,121000,90750,14,22,1997,.75,0,Louisiana,Severe Storm
1170,14395392,368912,14,17,1997,.02562709,0,Illinois,Severe Storm
1171,423574,317680,14,50,1997,.74999881,0,Tennessee,Severe Storm
1172,1286552,964914,7,56,1997,.75,0,Washington,Flood
1173,13331006,7270945,7,49,1997,.54541606,0,South Dakota,Flood
1174,66056623,41702246,7,39,1997,.63131058,0,North Dakota,Flood
1175,43106539,32133237,7,28,1997,.74543762,0,Minnesota,Flood
1176,664074,498056,7,5,1997,.75000077,0,Arkansas,Flood
1177,1841612,1381220,14,16,1997,.75000596,0,Idaho,Severe Storm
1178,167259,125444,7,29,1997,.74999851,0,Mississippi,Flood
1179,1667775,1248734,7,51,1997,.74874246,0,Texas,Flood
1180,6274680,4706008,14,58,1997,.7499997,0,Wisconsin,Severe Storm
1181,5746066,3869035,14,27,1997,.67333633,0,Michigan,Severe Storm
1182,98707,74030,7,56,1997,.7499975,0,Washington,Flood
1183,1477399,836786,14,31,1997,.56639135,0,Montana,Severe Storm
1184,1548038,905909,7,53,1997,.58519816,0,Vermont,Flood
1185,1950172,1462629,14,1,1997,.75,0,Alabama,Severe Storm
1186,3807092,1401447,7,7,1997,.36811483,0,Colorado,Flood
1187,2506181,1840886,14,28,1997,.73453832,0,Minnesota,Severe Storm
1188,31365835,8500201,14,17,1997,.27100191,0,Illinois,Severe Storm
1189,135291,101469,14,35,1997,.75000554,0,New Jersey,Severe Storm
1190,6080708,4560125,14,32,1997,.74993324,0,Nebraska,Severe Storm
1191,711251,533438,15,19,1997,.74999964,0,Iowa,Snow
1195,19083694,14270950,14,12,1998,.74780858,0,Florida,Severe Storm
1196,6107240,4580432,15,37,1998,.7500003,0,New York,Snow
1197,4259907,2956964,14,50,1998,.69413817,0,Tennessee,Severe Storm
1198,8284277,6208364,14,23,1998,.74941528,0,Maine,Severe Storm
1199,2671149,1584707,14,34,1998,.59326792,0,New Hampshire,Severe Storm
1200,773095,579821,14,38,1998,.7499997,0,North Carolina,Severe Storm
1201,1258416,872938,14,53,1998,.69367999,0,Vermont,Severe Storm
1202,365518,274106,14,36,1998,.74991107,0,New Mexico,Severe Storm
1203,47111339,35315837,14,6,1998,.74962497,0,California,Severe Storm
1204,2239375,1679535,14,12,1998,.75000167,0,Florida,Severe Storm
1205,371130,278346,14,9,1998,.74999595,0,Deleware,Severe Storm
1206,635508,476631,1,35,1998,.75,0,New Jersey,Coastal Storm
1207,4529965,2492408,14,21,1998,.55020469,0,Kentucky,Severe Storm
1208,3784489,2838365,14,1,1998,.74999952,0,Alabama,Severe Storm
1209,11552830,8520026,14,13,1998,.73748392,0,Georgia,Severe Storm
1211,526228,394672,14,38,1998,.75000191,0,North Carolina,Severe Storm
1212,5541527,4358605,17,28,1998,.78653502,0,Minnesota,Tornado
1214,5485405,4056017,14,1,1998,.73941976,0,Alabama,Severe Storm
1215,4668241,3501191,14,50,1998,.75000221,0,Tennessee,Severe Storm
1216,3263912,1942387,14,21,1998,.59511012,0,Kentucky,Severe Storm
1217,823073,617304,14,18,1998,.74999911,0,Indiana,Severe Storm
1218,3000000,1262055,7,49,1998,.42068499,0,South Dakota,Flood
1219,570306,427730,14,45,1998,.75000089,0,Pennsylvania,Severe Storm
1220,3704650,1874117,7,39,1998,.50588232,0,North Dakota,Flood
1221,418088,313566,7,43,1998,.75,0,Oregon,Flood
1222,420127,315095,14,37,1998,.7499994,0,New York,Severe Storm
1223,2297210,1720084,5,12,1998,.74877089,0,Florida,Fire
1224,2391320,1669157,7,26,1998,.69800651,0,Massachusetts,Flood
1225,6346136.34,3335351,17,28,1998,.52557188,0,Minnesota,Tornado
1226,3762873,2513314,14,27,1998,.66792423,0,Michigan,Severe Storm
1227,12001876,5426835,14,41,1998,.45216557,0,Ohio,Severe Storm
1228,2509491,1572295,14,53,1998,.62653941,0,Vermont,Severe Storm
1229,2591761,1943819,14,57,1998,.74999934,0,West Virginia,Severe Storm
1230,7650146,5660671,7,19,1998,.73994285,0,Iowa,Flood
1231,761305,483909,14,34,1998,.63563091,0,New Hampshire,Severe Storm
1232,397964,297588,14,23,1998,.74777621,0,Maine,Severe Storm
1233,1682962,1262221,14,37,1998,.7499997,0,New York,Severe Storm
1234,456754,342536,14,18,1998,.74993539,0,Indiana,Severe Storm
1235,805379,566592,14,50,1998,.70350975,0,Tennessee,Severe Storm
1236,1890142,1417608,14,58,1998,.75000077,0,Wisconsin,Severe Storm
1237,753030,502524,14,27,1998,.66733599,0,Michigan,Severe Storm
1238,4754406,3337435,14,58,1998,.70196676,0,Wisconsin,Severe Storm
1239,5037383,3778037,14,51,1998,.74999994,0,Texas,Severe Storm
1240,4196164,3147127,10,38,1998,.75000095,0,North Carolina,Hurricane
1241,389083,291813,10,12,1998,.75000191,0,Florida,Hurricane
1242,1932984,1449739,10,55,1998,.75000054,0,Virginia,Hurricane
1243,735875,551790,10,48,1998,.74984205,0,South Carolina,Hurricane
1244,3595775,2696833,14,37,1998,.75000048,0,New York,Severe Storm
1245,2825671,2119253,14,51,1998,.74999994,0,Texas,Severe Storm
1246,9494428,6974343,10,22,1998,.73457223,0,Louisiana,Hurricane
1249,19567218,14578671,10,12,1998,.74505591,0,Florida,Hurricane
1250,8774472,6579979,10,1,1998,.74990028,0,Alabama,Hurricane
1251,17788136,13250428,10,29,1998,.74490255,0,Mississippi,Hurricane
1252,361199,270899,14,56,1998,.74999928,0,Washington,Severe Storm
1253,2715255,2027055,14,30,1998,.74654317,0,Missouri,Severe Storm
1254,1456463,726474,14,20,1998,.4987933,0,Kansas,Severe Storm
1255,1073264,804948,11,56,1998,.75,0,Washington,
1256,832080,624060,14,30,1998,.75,0,Missouri,Severe Storm
1257,26597124,18475958,7,51,1998,.69466001,0,Texas,Flood
1258,3565494,2494749,14,20,1998,.69969237,0,Kansas,Severe Storm
1259,1415196,1061398,14,12,1998,.75000072,0,Florida,Severe Storm
1260,2775933,1911353,14,50,1999,.68854433,0,Tennessee,Severe Storm
1261,1704906,1045109,14,1,1999,.61300093,0,Alabama,Severe Storm
1262,1907041,1430282,14,50,1999,.75000066,0,Tennessee,Severe Storm
1263,303163,221216,14,23,1999,.72969329,0,Maine,Severe Storm
1264,1181340,870625,14,22,1999,.73698092,0,Louisiana,Severe Storm
1265,2016243,3222751,13,29,1999,1.5983942,0,Mississippi,Severe Ice Storm
1266,5120911,3497944,14,5,1999,.68307066,0,Arkansas,Severe Storm
1267,5061282,2143411,8,6,1999,.42349172,0,California,Freezing
1268,207395,111062,13,59,1999,.53550953,0,Wyoming,Severe Ice Storm
1269,1693415,1102110,14,22,1999,.65082097,0,Louisiana,Severe Storm
1270,1405187,302466,14,30,1999,.21524964,0,Missouri,Severe Storm
1271,769821,467466,14,13,1999,.60723984,0,Georgia,Severe Storm
1272,17171226,12449831,17,42,1999,.72504032,0,Oklahoma,Tornado
1273,2784782,1788622,17,20,1999,.64228439,0,Kansas,Tornado
1274,989826,810957,17,51,1999,.81929249,0,Texas,Tornado
1275,1085410,886484,14,50,1999,.81672734,0,Tennessee,Severe Storm
1276,2479842,1097391,14,7,1999,.44252455,0,Colorado,Severe Storm
1277,3154979,2492256,14,19,1999,.78994375,0,Iowa,Severe Storm
1278,156000,110005,14,17,1999,.70516026,0,Illinois,Severe Storm
1279,15301347,11549401,7,39,1999,.75479639,0,North Dakota,Flood
1280,1462378,1096784,17,49,1999,.75000036,0,South Dakota,Tornado
1281,894364,669166,14,33,1999,.74820322,0,Nevada,Severe Storm
1282,3410115,2538968,14,19,1999,.74454027,0,Iowa,Severe Storm
1283,3899589,2648551,14,28,1999,.67918724,0,Minnesota,Severe Storm
1284,1066750,609044,7,58,1999,.57093412,0,Wisconsin,Flood
1285,123587,139727,17,52,1999,1.1305963,0,Utah,Tornado
1286,831841,589272,14,32,1999,.708395,0,Nebraska,Severe Storm
1287,5726156,3152837,10,51,1999,.55060273,0,Texas,Hurricane
1288,1807256,1315710,13,28,1999,.7280153,0,Minnesota,Severe Ice Storm
1289,385711,289283,14,45,1999,.74999934,0,Pennsylvania,Severe Storm
1290,248576,186432,10,55,1999,.75,0,Virginia,Hurricane
1291,482026,361520,10,38,1999,.75000101,0,North Carolina,Hurricane
1292,89033408,67784027,10,38,1999,.76133251,0,North Carolina,Hurricane
1293,7548267,4138346,10,55,1999,.54825115,0,Virginia,Hurricane
1294,5589497,4123770,10,45,1999,.73777121,0,Pennsylvania,Hurricane
1295,15173712,9369638,10,35,1999,.61749148,0,New Jersey,Hurricane
1296,9751682,4581303,10,37,1999,.46979618,0,New York,Hurricane
1297,1115551,790539,10,9,1999,.70865339,0,Deleware,Hurricane
1298,248221,184900,7,45,1999,.7449007,0,Pennsylvania,Flood
1299,7842729,12867739,10,48,1999,1.6407222,0,South Carolina,Hurricane
1300,4743459,3488775,10,12,1999,.73549175,0,Florida,Hurricane
1301,398971,7412,14,36,1999,.018577792,0,New Mexico,Severe Storm
1302,915027,236897,10,8,1999,.25889617,0,Connecticut,Hurricane
1303,1757094,1222135,10,25,1999,.69554335,0,Maryland,Hurricane
1304,13389,10042,14,4,1999,.75001866,0,Arizona,Severe Storm
1305,29621,10591,10,34,1999,.35755038,0,New Hampshire,Hurricane
1306,26435639,21130576,10,12,1999,.79932153,0,Florida,Hurricane
1307,183707,103987,14,53,1999,.56604809,0,Vermont,Severe Storm
1308,169867,127400,10,23,1999,.74999851,0,Maine,Hurricane
1310,319826,376034,17,21,2000,1.1757456,1,Kentucky,Tornado
1311,7418950,5150278,14,13,2000,.69420576,1,Georgia,Severe Storm
1312,4483775,3395822,14,38,2000,.75735784,1,North Carolina,Severe Storm
1313,1680478,1259738,14,48,2000,.74963075,1,South Carolina,Severe Storm
1314,515504,386628,15,22,2000,.75,1,Louisiana,Snow
1315,1013907,620630,14,13,2000,.61211729,1,Georgia,Severe Storm
1316,2114852,1515639,14,2,2000,.71666431,1,Alaska,Severe Storm
1317,820145,4583041,14,1,2000,5.5880861,1,Alabama,Severe Storm
1318,1843579,1382684,14,55,2000,.74999988,1,Virginia,Severe Storm
1319,2451334,1211987,7,57,2000,.49441937,1,West Virginia,Flood
1320,533966,399782,14,21,2000,.74870312,1,Kentucky,Severe Storm
1321,643618,297310,14,41,2000,.46193549,1,Ohio,Severe Storm
1322,432251,288589,14,1,2000,.66764218,1,Alabama,Severe Storm
1323,752715,532393,17,51,2000,.70729691,1,Texas,Tornado
1324,2632797,3605210,14,25,2000,1.369346,1,Maryland,Severe Storm
1325,123492,92620,14,10,2000,.75000811,1,District of Columbia,Severe Storm
1326,533052,1978032,14,23,2000,3.7107675,1,Maine,Severe Storm
1327,991043,373825,14,20,2000,.37720361,1,Kansas,Severe Storm
1328,1140655,850582,7,30,2000,.74569613,1,Missouri,Flood
1329,3355281,1562055,5,36,2000,.46555117,1,New Mexico,Fire
1330,291697,218772,14,49,2000,.74999744,1,South Dakota,Severe Storm
1331,570145,427610,14,50,2000,.75000221,1,Tennessee,Severe Storm
1332,4478427,3063121,14,58,2000,.68397254,1,Wisconsin,Severe Storm
1333,9036682,4482806,14,28,2000,.4960677,1,Minnesota,Severe Storm
1334,12422225,9316670,14,39,2000,.75000012,1,North Dakota,Severe Storm
1335,4257060,2690294,14,37,2000,.63196057,1,New York,Severe Storm
1336,402817,859936,14,53,2000,2.1348057,1,Vermont,Severe Storm
1337,1130231,778858,14,35,2000,.68911397,1,New Jersey,Severe Storm
1338,56331,42248,14,10,2000,.74999559,1,District of Columbia,Severe Storm
1339,4043719,861753,14,41,2000,.21310902,1,Ohio,Severe Storm
1340,581818,290766,5,31,2000,.49975422,1,Montana,Fire
1341,16680,12176,5,16,2000,.729976,1,Idaho,Fire
1342,1340350,1227079,4,6,2000,.91549146,1,California,Earthquake
1343,477866,329512,14,41,2000,.68954897,1,Ohio,Severe Storm
1344,2477608,2385706,14,12,2000,.96290696,1,Florida,Severe Storm
1345,102326194,77948701,14,12,2000,.76176685,1,Florida,Severe Storm
1346,43656791,38889275,14,27,2000,.89079553,1,Michigan,Severe Storm
1347,1944906,1283103,14,4,2000,.65972495,1,Arizona,Severe Storm
1348,2000616,1146088,14,15,2000,.57286757,1,Hawaii,Severe Storm
1349,684668,513501,14,42,2000,.75,1,Oklahoma,Severe Storm
1350,378673,284005,14,31,2000,.75000066,1,Montana,Severe Storm
1351,129036,95502,14,59,2000,.74011904,1,Wyoming,Severe Storm
1352,246081,939450,14,1,2000,3.8176453,1,Alabama,Severe Storm
1353,131001,98251,17,39,2000,.75000191,1,North Dakota,Tornado
1354,38136207,27870871,13,5,2000,.73082441,1,Arkansas,Severe Ice Storm
1355,44120321,25073230,13,42,2001,.56829208,0,Oklahoma,Severe Ice Storm
1356,9578823,4329902,13,51,2001,.4520286,0,Texas,Severe Ice Storm
1357,444655,333491,13,22,2001,.74999946,0,Louisiana,Severe Ice Storm
1358,129698,97274,14,53,2001,.75000387,0,Vermont,Severe Storm
1359,394064,371354,8,12,2001,.94236976,0,Florida,Freezing
1360,3517139,3408894,14,29,2001,.96922356,0,Mississippi,Severe Storm
1361,32379388,18365288,4,56,2001,.56719071,0,Washington,Earthquake
1362,611638,462109,14,1,2001,.75552696,0,Alabama,Severe Storm
1363,556662,1674010,14,5,2001,3.0072289,0,Arkansas,Severe Storm
1364,2155534,1550094,14,26,2001,.71912295,0,Massachusetts,Severe Storm
1365,531017,398265,14,29,2001,.75000423,0,Mississippi,Severe Storm
1366,655677,435128,14,20,2001,.66363162,0,Kansas,Severe Storm
1367,2409413,1807060,14,19,2001,.75000012,0,Iowa,Severe Storm
1368,1276560,513203,7,17,2001,.40202028,0,Illinois,Flood
1369,4295995,3221998,7,58,2001,.75000042,0,Wisconsin,Flood
1370,7069636,4989442,7,28,2001,.70575655,0,Minnesota,Flood
1371,384272,526279,14,23,2001,1.3695481,0,Maine,Severe Storm
1373,565004,394502,14,32,2001,.69822866,0,Nebraska,Severe Storm
1374,634441,471956,14,7,2001,.74389267,0,Colorado,Severe Storm
1375,1045903,674695,7,49,2001,.64508373,0,South Dakota,Flood
1376,5246039,3467558,7,39,2001,.66098595,0,North Dakota,Flood
1377,141026,105770,14,31,2001,.75000352,0,Montana,Severe Storm
1378,14242950,11303437,14,57,2001,.79361629,0,West Virginia,Severe Storm
1379,385350175,203938279,1,51,2001,.52922845,0,Texas,Coastal Storm
1380,14595187,13755257,1,22,2001,.9424516,0,Louisiana,Coastal Storm
1381,5263342,4353353,14,12,2001,.82710814,0,Florida,Severe Storm
1383,2317042,1737782,14,45,2001,.75000024,0,Pennsylvania,Severe Storm
1384,2830598,1022915,14,42,2001,.36137772,0,Oklahoma,Severe Storm
1385,172776,129582,14,31,2001,.75,0,Montana,Severe Storm
1386,2362757,1601605,14,55,2001,.6778543,0,Virginia,Severe Storm
1387,841100,629051,14,50,2001,.74789083,0,Tennessee,Severe Storm
1388,2648432,2163480,14,21,2001,.8168909,0,Kentucky,Severe Storm
1389,313549,243321,14,10,2001,.77602226,0,District of Columbia,Severe Storm
1390,2069159,863898,14,41,2001,.41751164,0,Ohio,Severe Storm
1391,443568086,265317143,5,37,2001,.59814298,0,New York,Fire
1392,2588982,1846366,16,55,2001,.71316296,0,Virginia,
1393,2040801,2086108,1,12,2001,1.0222006,0,Florida,Coastal Storm
1394,210734,128457,14,32,2001,.60956943,0,Nebraska,Severe Storm
1395,532778,313878,14,42,2001,.58913469,0,Oklahoma,Severe Storm
1398,1023406,767554,14,29,2001,.74999952,0,Mississippi,Severe Storm
1399,661781,460075,14,1,2001,.6952073,0,Alabama,Severe Storm
1400,560995,5874482,14,5,2002,10.47154,0,Arkansas,Severe Storm
1401,38443489,23044933,13,42,2002,.59944957,0,Oklahoma,Severe Ice Storm
1402,8246221,6208140,13,20,2002,.75284666,0,Kansas,Severe Ice Storm
1403,8817113,6586051,13,30,2002,.74696231,0,Missouri,Severe Ice Storm
1404,1153659,547857,15,37,2002,.47488642,0,New York,Snow
1405,1066063,724548,14,43,2002,.6796484,0,Oregon,Severe Storm
1406,1880339,1269277,14,55,2002,.67502564,0,Virginia,Severe Storm
1407,2739626,2044849,14,21,2002,.74639714,0,Kentucky,Severe Storm
1408,1599464,1338355,14,50,2002,.83675218,0,Tennessee,Severe Storm
1409,1290352,806021,17,25,2002,.62465203,0,Maryland,Tornado
1410,4954193,3715646,14,57,2002,.75000024,0,West Virginia,Severe Storm
1411,1569708,1177281,14,55,2002,.75,0,Virginia,Severe Storm
1412,6718686,4922905,14,30,2002,.73271841,0,Missouri,Severe Storm
1413,1345782,738777,7,27,2002,.54895741,0,Michigan,Flood
1414,2637389,1958708,14,21,2002,.74266934,0,Kentucky,Severe Storm
1415,813295,864688,4,37,2002,1.0631911,0,New York,Earthquake
1416,3403638,2283073,17,17,2002,.67077434,0,Illinois,Tornado
1418,1165755,860449,14,18,2002,.73810446,0,Indiana,Severe Storm
1419,8203474,14726685,14,28,2002,1.7951766,0,Minnesota,Severe Storm
1420,1431351,1073442,7,19,2002,.74995023,0,Iowa,Flood
1421,141618,49862,5,7,2002,.352088,0,Colorado,Fire
1422,1499268,837396,5,4,2002,.55853659,0,Arizona,Fire
1423,495432,307938,7,2,2002,.62155449,0,Alaska,Flood
1424,277307,207981,14,31,2002,.75000268,0,Montana,Severe Storm
1425,13565768,9766104,7,51,2002,.71990794,0,Texas,Flood
1428,299075,224227,14,53,2002,.749735,0,Vermont,Severe Storm
1429,662602,496952,14,58,2002,.75000077,0,Wisconsin,Severe Storm
1431,281893,147350,14,39,2002,.52271605,0,North Dakota,Severe Storm
1432,865189,732559,17,58,2002,.84670401,0,Wisconsin,Tornado
1433,795709,596586,14,18,2002,.74975401,0,Indiana,Severe Storm
1434,1899899,1334927,1,51,2002,.70263052,0,Texas,Coastal Storm
1435,6135584,4848304,10,22,2002,.79019439,0,Louisiana,Hurricane
1436,2160102,2073804,10,29,2002,.96004909,0,Mississippi,Hurricane
1437,54311381,25798984,10,22,2002,.47501984,0,Louisiana,Hurricane
1438,987476,705028,10,1,2002,.71396977,0,Alabama,Hurricane
1439,10828702,7008004,14,51,2002,.64716935,0,Texas,Severe Storm
1440,2935214,2201393,4,2,2002,.74999404,0,Alaska,Earthquake
1441,840769,678934825,14,50,2002,807.51648,0,Tennessee,Severe Storm
1442,3141438,3185364,14,1,2002,1.0139828,0,Alabama,Severe Storm
1443,2149184,1613388,14,29,2002,.75069791,0,Mississippi,Severe Storm
1444,200477,139068,14,41,2002,.69368553,0,Ohio,Severe Storm
1445,2154009,2327848,14,2,2002,1.0807048,0,Alaska,Severe Storm
1448,8347801,42286504,13,38,2002,5.0655861,0,North Carolina,Severe Ice Storm
1450,1831961,1482208,13,5,2003,.80908275,0,Arkansas,Severe Ice Storm
1451,750708,1380589,13,48,2003,1.8390492,0,South Carolina,Severe Ice Storm
1452,1224684,15358720,13,42,2003,12.540966,0,Oklahoma,Severe Ice Storm
1453,5988829,2082092,14,41,2003,.34766263,0,Ohio,Severe Storm
1454,3062429,2294486,14,21,2003,.7492373,0,Kentucky,Severe Storm
1455,1032580,1034772,14,57,2003,1.0021229,0,West Virginia,Severe Storm
1456,86737,65053,14,50,2003,.75000286,0,Tennessee,Severe Storm
1457,266025,778909,13,38,2003,2.9279542,0,North Carolina,Severe Ice Storm
1458,1915269,5044136,14,55,2003,2.6336436,0,Virginia,Severe Storm
1459,1035123,918870,14,29,2003,.88769162,0,Mississippi,Severe Storm
1460,543793,407845,14,12,2003,.75000048,0,Florida,Severe Storm
1461,258195,688423,14,2,2003,2.666291,0,Alaska,Severe Storm
1462,1430627,5009121,14,20,2003,3.5013466,0,Kansas,Severe Storm
1463,2251184,1688387,14,30,2003,.74999958,0,Missouri,Severe Storm
1464,7216544,4525566,14,50,2003,.62710989,0,Tennessee,Severe Storm
1465,1824780,765336,14,42,2003,.41941276,0,Oklahoma,Severe Storm
1466,4078201,3747450,14,1,2003,.91889781,0,Alabama,Severe Storm
1467,3249110,2406692,13,37,2003,.74072343,0,New York,Severe Ice Storm
1468,409525,652320,8,23,2003,1.5928698,0,Maine,Freezing
1469,149434,89933,14,17,2003,.60182422,0,Illinois,Severe Storm
1471,354962,265716,14,21,2003,.74857593,0,Kentucky,Severe Storm
1472,1922175,1041632,14,5,2003,.54190278,0,Arkansas,Severe Storm
1474,1065714,799284,14,57,2003,.74999857,0,West Virginia,Severe Storm
1475,993405,745045,14,21,2003,.74999118,0,Kentucky,Severe Storm
1476,2004162,1458868,14,18,2003,.72791922,0,Indiana,Severe Storm
1477,622640,356851,5,4,2003,.57312572,0,Arizona,Fire
1478,206985,32021,14,41,2003,.15470204,0,Ohio,Severe Storm
1479,4811619,5733511,10,51,2003,1.1915971,0,Texas,Hurricane
1480,316933,237700,14,32,2003,.75000077,0,Nebraska,Severe Storm
1481,558491,704020,14,12,2003,1.2605754,0,Florida,Severe Storm
1482,3767922,2825942,14,50,2003,.75000012,0,Tennessee,Severe Storm
1483,141000,72472,14,39,2003,.51398581,0,North Dakota,Severe Storm
1484,6185830,4419501,17,41,2003,.7144556,0,Ohio,Tornado
1485,2758673,2624063,14,45,2003,.95120478,0,Pennsylvania,Severe Storm
1486,3839255,2842419,14,37,2003,.74035692,0,New York,Severe Storm
1487,922557,686472,14,18,2003,.74409711,0,Indiana,Severe Storm
1488,123193,99052,14,53,2003,.80403918,0,Vermont,Severe Storm
1489,75269,736427,14,34,2003,9.7839346,0,New Hampshire,Severe Storm
1490,6160779,4619626,10,38,2003,.74984443,0,North Carolina,Hurricane
1491,21260479,18238370,10,55,2003,.85785317,0,Virginia,Hurricane
1492,6676583,5181653,10,25,2003,.77609354,0,Maryland,Hurricane
1493,739193,168145,10,10,2003,.22747104,0,District of Columbia,Hurricane
1494,400306,271343,10,9,2003,.67783898,0,Deleware,Hurricane
1495,607949,424363,10,9,2003,.69802403,0,Deleware,Hurricane
1498,14180526,13367459,5,6,2003,.94266313,0,California,Fire
1499,645914,2355516,14,56,2003,3.646795,0,Washington,Severe Storm
1500,3256241,2442181,14,57,2003,.75000006,0,West Virginia,Severe Storm
1502,70102,52578,14,55,2003,.7500214,0,Virginia,Severe Storm
1505,3265195,2635468,4,6,2004,.80713952,1,California,Earthquake
1507,1055639,752424,14,41,2004,.71276641,1,Ohio,Severe Storm
1508,192127,144095,14,23,2004,.74999869,1,Maine,Severe Storm
1509,1301551,6120642,13,48,2004,4.7025757,1,South Carolina,Severe Ice Storm
1510,1179773,757655,14,43,2004,.64220405,1,Oregon,Severe Storm
1512,324167,847599,7,26,2004,2.6146986,1,Massachusetts,Flood
1513,221591,161286,14,17,2004,.72785449,1,Illinois,Severe Storm
1514,545500,2027363,14,36,2004,3.7165225,1,New Mexico,Severe Storm
1515,909143,1370576,14,39,2004,1.5075473,1,North Dakota,Severe Storm
1516,534393,398520,14,5,2004,.74574327,1,Arkansas,Severe Storm
1517,1358340,1021087,14,32,2004,.75171679,1,Nebraska,Severe Storm
1518,1917796,1438349,14,19,2004,.75000101,1,Iowa,Severe Storm
1519,4007632,2743522,14,41,2004,.68457431,1,Ohio,Severe Storm
1520,608340,441755,14,18,2004,.72616464,1,Indiana,Severe Storm
1521,168665,1261800,14,22,2004,7.4811015,1,Louisiana,Severe Storm
1522,2604033,1953025,14,57,2004,.75000012,1,West Virginia,Severe Storm
1523,1290493,1050282,14,21,2004,.81386107,1,Kentucky,Severe Storm
1524,21392,16044,14,30,2004,.75,1,Missouri,Severe Storm
1525,38515,7249,14,55,2004,.18821238,1,Virginia,Severe Storm
1526,1738214,1952419,14,58,2004,1.1232328,1,Wisconsin,Severe Storm
1527,3349093,3520652,14,27,2004,1.0512255,1,Michigan,Severe Storm
1528,327796,245847,14,5,2004,.75,1,Arkansas,Severe Storm
1529,2312768,883841,2,6,2004,.38215724,1,California,
1530,1623629,1217722,14,35,2004,.75000018,1,New Jersey,Severe Storm
1531,97700,73275,14,49,2004,.75,1,South Dakota,Severe Storm
1534,1926215,3589369,14,37,2004,1.8634311,1,New York,Severe Storm
1535,1024022,929723,14,20,2004,.90791309,1,Kansas,Severe Storm
1536,199350,149514,14,57,2004,.75000751,1,West Virginia,Severe Storm
1537,278721,203841,14,21,2004,.73134422,1,Kentucky,Severe Storm
1538,960033,720025,14,45,2004,.75000024,1,Pennsylvania,Severe Storm
1539,121271170,93875785,10,12,2004,.7740981,1,Florida,Hurricane
1540,683748,512811,5,33,2004,.75,1,Nevada,Fire
1542,286709,235596,14,18,2004,.82172519,1,Indiana,Severe Storm
1543,154028,126772,10,48,2004,.82304513,1,South Carolina,Hurricane
1544,2069176,1551882,14,55,2004,.75,1,Virginia,Severe Storm
1545,141314235,101653386,10,12,2004,.71934289,1,Florida,Hurricane
1546,2385655,1789241,10,38,2004,.74999988,1,North Carolina,Hurricane
1547,812281,884618,14,48,2004,1.0890541,1,South Carolina,Severe Storm
1548,1008288,5864240,10,22,2004,5.8160367,1,Louisiana,Hurricane
1549,49632431,39661678,10,1,2004,.79910809,1,Alabama,Hurricane
1550,1992844,1630421,10,29,2004,.81813782,1,Mississippi,Hurricane
1551,107663528,81599102,10,12,2004,.75790846,1,Florida,Hurricane
1553,1201079,920327,10,38,2004,.76625019,1,North Carolina,Hurricane
1554,1146630,1668939,10,13,2004,1.4555166,1,Georgia,Hurricane
1555,197870,148402,14,45,2004,.7499975,1,Pennsylvania,Severe Storm
1556,5027751,6442146,14,41,2004,1.2813176,1,Ohio,Severe Storm
1557,15143072,10512191,10,45,2004,.69419146,1,Pennsylvania,Hurricane
1558,2930667,2198001,14,57,2004,.75000024,1,West Virginia,Severe Storm
1559,221207,152527,14,53,2004,.68952155,1,Vermont,Severe Storm
1560,1493305,1287251,10,13,2004,.86201477,1,Georgia,Hurricane
1561,114549892,83208372,10,12,2004,.72639418,1,Florida,Hurricane
1562,135000,101250,14,20,2004,.75,1,Kansas,Severe Storm
1563,526897,395173,14,35,2004,.75000048,1,New Jersey,Severe Storm
1564,1617355,809361,14,37,2004,.5004226,1,New York,Severe Storm
1565,965132,694899,14,37,2004,.72000408,1,New York,Severe Storm
1566,275890,1593050,10,48,2004,5.7742214,1,South Carolina,Hurricane
1568,287255,215442,14,50,2004,.75000262,1,Tennessee,Severe Storm
1569,984844,1176870,14,28,2004,1.1949811,1,Minnesota,Severe Storm
1570,211854,158890,14,55,2004,.74999762,1,Virginia,Severe Storm
1571,615015,448291,14,2,2004,.72891068,1,Alaska,Severe Storm
1572,10707,8030,14,9,2004,.74997663,1,Deleware,Severe Storm
1573,3397761,2840916,14,18,2005,.83611411,0,Indiana,Severe Storm
1574,1033117,774838,14,57,2005,.75000024,0,West Virginia,Severe Storm
1575,298294,241696,14,15,2005,.81026101,0,Hawaii,Severe Storm
1576,668600,501450,14,52,2005,.75,0,Utah,Severe Storm
1577,29660871,17722531,14,6,2005,.59750539,0,California,Severe Storm
1578,180885,181721,15,21,2005,1.0046217,0,Kentucky,Snow
1579,7268383,6232967,14,20,2005,.8575452,0,Kansas,Severe Storm
1580,7815772,5759344,14,41,2005,.7368874,0,Ohio,Severe Storm
1581,232531,199082,14,4,2005,.85615253,0,Arizona,Severe Storm
1583,523388,392541,14,33,2005,.75,0,Nevada,Severe Storm
1584,559714,419786,14,2,2005,.75000089,0,Alaska,Severe Storm
1585,4181882,3116413,14,6,2005,.7452178,0,California,Severe Storm
1586,604663,234315,14,4,2005,.38751337,0,Arizona,Severe Storm
1587,2155134,1616351,14,45,2005,.75000024,0,Pennsylvania,Severe Storm
1588,166700,125025,14,35,2005,.75,0,New Jersey,Severe Storm
1589,4988429,4681508,14,37,2005,.9384734,0,New York,Severe Storm
1591,596467,4185892,14,23,2005,7.0178099,0,Maine,Severe Storm
1592,286500,270550,7,16,2005,.94432807,0,Idaho,Flood
1593,1266509,947276,10,1,2005,.74794257,0,Alabama,Hurricane
1594,351190,191357,10,29,2005,.5448817,0,Mississippi,Hurricane
1595,15197203,11870645,10,12,2005,.78110725,0,Florida,Hurricane
1596,5815,4361,14,49,2005,.74995703,0,South Dakota,Severe Storm
1597,1468552,1049109,14,39,2005,.7143833,0,North Dakota,Severe Storm
1598,205000,0,7,52,2005,0,0,Utah,Flood
1599,22785,17089,17,59,2005,.75001097,0,Wyoming,Tornado
1600,237600,178200,14,20,2005,.75,0,Kansas,Severe Storm
1601,282666,198641,14,22,2005,.70274103,0,Louisiana,Severe Storm
1602,13046598,10750675,10,12,2005,.82402134,0,Florida,Hurricane
1603,1886915966,1505598598,10,22,2005,.79791504,0,Louisiana,Hurricane
1604,451251717,385572319,10,29,2005,.85445064,0,Mississippi,Hurricane
1605,63516445,63138573,10,1,2005,.9940508,0,Alabama,Hurricane
1606,180057660,94211047,10,51,2005,.5232271,0,Texas,Hurricane
1607,214023981,121282787,10,22,2005,.56667846,0,Louisiana,Hurricane
1608,444903,341522,10,38,2005,.76763248,0,North Carolina,Hurricane
1609,199017448,147328586,10,12,2005,.74027973,0,Florida,Hurricane
1610,1227914,920936,14,34,2005,.75000042,0,New Hampshire,Severe Storm
1612,302291,226718,17,18,2005,.74999917,0,Indiana,Tornado
1614,2014957,635690,14,26,2005,.31548563,0,Massachusetts,Severe Storm
1615,52575,619154,14,20,2005,11.776586,0,Kansas,Severe Storm
1616,140130,105097,15,39,2005,.74999642,0,North Dakota,Snow
1617,62745,43749,14,21,2005,.69725078,0,Kentucky,Severe Storm
1618,195810,146858,14,2,2005,.75000256,0,Alaska,Severe Storm
1619,170730,127399,14,8,2005,.74620163,0,Connecticut,Severe Storm
1620,2047935,1535951,14,49,2005,.74999988,0,South Dakota,Severe Storm
1621,130277,97708,14,39,2006,.75000191,0,North Dakota,Severe Storm
1622,876662,624188,14,28,2006,.71200532,0,Minnesota,Severe Storm
1623,2427444,6526102,5,42,2006,2.6884665,0,Oklahoma,Fire
1624,6439405,2529892,5,51,2006,.39287668,0,Texas,Fire
1625,826779,2481581,13,48,2006,3.0015047,0,South Carolina,Severe Ice Storm
1626,875654,568616,14,20,2006,.64936149,0,Kansas,Severe Storm
1627,616500,365413,14,32,2006,.59272182,0,Nebraska,Severe Storm
1628,10664189,5434032,14,6,2006,.50955886,0,California,Severe Storm
1629,1424551,618151,14,33,2006,.43392691,0,Nevada,Severe Storm
1630,376316,179333,14,16,2006,.47654897,0,Idaho,Severe Storm
1631,1290723,1014963,14,30,2006,.78635228,0,Missouri,Severe Storm
1632,1634440,1157549,14,43,2006,.70822364,0,Oregon,Severe Storm
1633,1014391,750845,14,17,2006,.74019289,0,Illinois,Severe Storm
1634,1486559,1313598,14,50,2006,.88365006,0,Tennessee,Severe Storm
1635,4094982,3410777,14,30,2006,.83291626,0,Missouri,Severe Storm
1636,751650,550864,14,5,2006,.73287302,0,Arkansas,Severe Storm
1637,287698,120489,14,42,2006,.41880375,0,Oklahoma,Severe Storm
1638,315834,236876,14,20,2006,.75000161,0,Kansas,Severe Storm
1640,818598,398533,14,15,2006,.48684824,0,Hawaii,Severe Storm
1641,855451,641589,14,56,2006,.75000089,0,Washington,Severe Storm
1642,3424456,2547337,14,26,2006,.74386621,0,Massachusetts,Severe Storm
1643,2184989,1581816,14,34,2006,.72394687,0,New Hampshire,Severe Storm
1644,109900,82425,14,23,2006,.75,0,Maine,Severe Storm
1645,474598,355949,14,39,2006,.75000107,0,North Dakota,Severe Storm
1646,1899023,1727014,14,6,2006,.9094224,0,California,Severe Storm
1647,201101,150826,14,49,2006,.75000125,0,South Dakota,Severe Storm
1648,486648,364986,7,28,2006,.75,0,Minnesota,Flood
1649,10816299,5880453,14,45,2006,.54366589,0,Pennsylvania,Severe Storm
1650,14224713,10370222,14,37,2006,.72902858,0,New York,Severe Storm
1651,2321530,1670848,14,41,2006,.71971846,0,Ohio,Severe Storm
1652,1029158,1144065,14,25,2006,1.1116514,0,Maryland,Severe Storm
1653,70000,52500,14,35,2006,.75,0,New Jersey,Severe Storm
1654,124939,139124,14,9,2006,1.1135354,0,Deleware,Severe Storm
1655,397130,320824,14,55,2006,.80785638,0,Virginia,Severe Storm
1656,4158538,2777449,14,41,2006,.66789073,0,Ohio,Severe Storm
1657,92490,69368,7,2,2006,.75000542,0,Alaska,Flood
1658,1096621,822107,14,51,2006,.74967283,0,Texas,Severe Storm
1659,1801500,313735,14,36,2006,.17415209,0,New Mexico,Severe Storm
1660,2447277,2201905,14,4,2006,.8997367,0,Arizona,Severe Storm
1661,2250200,3144503,14,55,2006,1.3974327,0,Virginia,Severe Storm
1662,3126929,3102012,14,18,2006,.99203146,0,Indiana,Severe Storm
1663,1627428,1220573,14,2,2006,.75000125,0,Alaska,Severe Storm
1664,2221248,1659123,4,15,2006,.7469328,0,Hawaii,Earthquake
1665,16406832,7671406,14,37,2006,.46757388,0,New York,Severe Storm
1666,438805,329105,5,2,2006,.75000286,0,Alaska,Fire
1667,341334,461188,14,30,2006,1.3511341,0,Missouri,Severe Storm
1668,808100,325230,14,22,2006,.40246257,0,Louisiana,Severe Storm
1669,1466543,1024907,14,2,2006,.69885916,0,Alaska,Severe Storm
1670,2128310,51382,14,37,2006,.024142159,0,New York,Severe Storm
1671,5672590,4254443,14,56,2006,.75000006,0,Washington,Severe Storm
1672,1867979,1299490,14,43,2006,.69566625,0,Oregon,Severe Storm
1673,1616116,1212087,14,30,2006,.75,0,Missouri,Severe Storm
1674,48861385,21286868,14,32,2007,.43565831,0,Nebraska,Severe Storm
1675,46640853,33546052,14,20,2007,.7192418,0,Kansas,Severe Storm
1676,22452723,16730616,13,30,2007,.74514866,0,Missouri,Severe Ice Storm
1677,2321257,3249296,14,42,2007,1.3998002,0,Oklahoma,Severe Storm
1678,22035828,11748491,14,42,2007,.53315407,0,Oklahoma,Severe Storm
1679,3209213,2291636,14,12,2007,.71408039,0,Florida,Severe Storm
1680,320141,235494,14,12,2007,.73559463,0,Florida,Severe Storm
1681,3935086,3354505,13,17,2007,.85246038,0,Illinois,Severe Ice Storm
1682,5937008,5277147,14,56,2007,.88885629,0,Washington,Severe Storm
1683,2621261,828830,14,43,2007,.31619513,0,Oregon,Severe Storm
1684,1583873,1187905,14,45,2007,.75000018,0,Pennsylvania,Severe Storm
1686,11582686,8684669,14,13,2007,.74979752,0,Georgia,Severe Storm
1687,2010414,1503000,14,1,2007,.74760723,0,Alabama,Severe Storm
1688,11090710,7971705,14,19,2007,.71877319,0,Iowa,Severe Storm
1689,1467684,1090432,8,6,2007,.74296099,0,California,Freezing
1690,15000,11250,14,36,2007,.75,0,New Mexico,Severe Storm
1691,324345,194334,7,23,2007,.59915829,0,Maine,Flood
1692,8289312,1780274,14,37,2007,.2147674,0,New York,Severe Storm
1693,3501315,2470840,14,23,2007,.70568913,0,Maine,Severe Storm
1694,7311961,4948372,14,35,2007,.6767503,0,New Jersey,Severe Storm
1695,6212180,7037999,14,34,2007,1.1329354,0,New Hampshire,Severe Storm
1696,1143737,856564,14,57,2007,.74891692,0,West Virginia,Severe Storm
1697,2419914,1765092,14,51,2007,.72940278,0,Texas,Severe Storm
1698,661679,584198,14,53,2007,.88290244,0,Vermont,Severe Storm
1699,14994947,11507042,14,20,2007,.76739466,0,Kansas,Severe Storm
1700,915776,660034,14,8,2007,.7207374,0,Connecticut,Severe Storm
1701,575384,427564,14,26,2007,.74309331,0,Massachusetts,Severe Storm
1702,2668900,3376037,14,49,2007,1.2649544,0,South Dakota,Severe Storm
1703,543854,428407,14,21,2007,.78772426,0,Kentucky,Severe Storm
1704,29455,32662,14,47,2007,1.1088779,0,Rhode Island,Severe Storm
1705,3845369,2868425,14,19,2007,.74594271,0,Iowa,Severe Storm
1706,1068605,801454,14,32,2007,.75000024,0,Nebraska,Severe Storm
1707,1255421,1861504,14,42,2007,1.4827727,0,Oklahoma,Severe Storm
1708,620918,456511,14,30,2007,.73521948,0,Missouri,Severe Storm
1709,17653015,10102153,14,51,2007,.57226217,0,Texas,Severe Storm
1710,4221796,2004806,14,37,2007,.47487041,0,New York,Severe Storm
1711,1389617,4319216,14,20,2007,3.108206,0,Kansas,Severe Storm
1712,13779776,2376633,14,42,2007,.17247254,0,Oklahoma,Severe Storm
1713,444035,333026,14,39,2007,.74999946,0,North Dakota,Severe Storm
1714,34681,26011,14,32,2007,.75000721,0,Nebraska,Severe Storm
1715,828095,620770,14,53,2007,.74963623,0,Vermont,Severe Storm
1716,249874,202386,14,23,2007,.8099522,0,Maine,Severe Storm
1717,9494883,5157342,14,28,2007,.54317069,0,Minnesota,Severe Storm
1718,2913602,1833666,14,42,2007,.62934679,0,Oklahoma,Severe Storm
1719,4209344,3156814,14,58,2007,.74995393,0,Wisconsin,Severe Storm
1720,6815839,5624076,14,41,2007,.82514799,0,Ohio,Severe Storm
1721,80000,30000,14,32,2007,.375,0,Nebraska,Severe Storm
1722,212381,159286,14,17,2007,.75000119,0,Illinois,Severe Storm
1723,165162,1588046,14,42,2007,9.6150808,0,Oklahoma,Severe Storm
1724,3938699,375565,14,37,2007,.095352553,0,New York,Severe Storm
1725,150494,123396,14,39,2007,.81993967,0,North Dakota,Severe Storm
1726,1687582,1211441,14,39,2007,.71785611,0,North Dakota,Severe Storm
1727,1556872,1163788,14,19,2007,.74751681,0,Iowa,Severe Storm
1728,417352,313014,14,30,2007,.75,0,Missouri,Severe Storm
1729,5886687,3635634,14,17,2007,.61760277,0,Illinois,Severe Storm
1730,871566,440001,14,51,2007,.50483954,0,Texas,Severe Storm
1731,69238062,46107729,5,6,2007,.66593039,0,California,Fire
1732,1878499,839998,14,18,2007,.44716448,0,Indiana,Severe Storm
1733,22965113,14803624,14,43,2007,.64461356,0,Oregon,Severe Storm
1734,12542693,9288173,14,56,2007,.74052465,0,Washington,Severe Storm
1735,28068224,10963681,13,42,2007,.39060828,0,Oklahoma,Severe Ice Storm
1736,2851964,2195216,13,30,2007,.76972079,0,Missouri,Severe Ice Storm
1737,6107275,4600538,13,19,2008,.75328815,1,Iowa,Severe Ice Storm
1738,129734,84136,14,33,2008,.64852697,1,Nevada,Severe Storm
1739,64816,35036,13,32,2008,.54054552,1,Nebraska,Severe Ice Storm
1740,2832880,1767357,14,18,2008,.62387288,1,Indiana,Severe Storm
1741,28244958,25218365,14,20,2008,.89284486,1,Kansas,Severe Storm
1742,148087,276442,14,30,2008,1.8667541,1,Missouri,Severe Storm
1743,469458,1489517,14,15,2008,3.1728439,1,Hawaii,Severe Storm
1744,2744113,7293908,14,5,2008,2.6580203,1,Arkansas,Severe Storm
1745,3747128,2866023,14,50,2008,.7648586,1,Tennessee,Severe Storm
1746,3063029,2584496,14,21,2008,.84377134,1,Kentucky,Severe Storm
1747,1443946,1188815,14,17,2008,.8233099,1,Illinois,Severe Storm
1748,2007723,0,13,30,2008,0,1,Missouri,Severe Ice Storm
1749,10235260,7756473,14,30,2008,.75781888,1,Missouri,Severe Storm
1750,1250178,1016082,14,13,2008,.81274986,1,Georgia,Severe Storm
1751,10576401,7605044,14,5,2008,.71905786,1,Arkansas,Severe Storm
1752,429000,510196,14,42,2008,1.1892681,1,Oklahoma,Severe Storm
1753,158582,497452,14,29,2008,3.1368756,1,Mississippi,Severe Storm
1754,2423054,1123944,7,42,2008,.46385428,1,Oklahoma,Flood
1755,281798,539379,7,23,2008,1.9140625,1,Maine,Flood
1756,1082070,36270,14,42,2008,.033519089,1,Oklahoma,Severe Storm
1757,644367,471104,14,21,2008,.73111129,1,Kentucky,Severe Storm
1758,787336,617024,14,5,2008,.78368574,1,Arkansas,Severe Storm
1759,1277793,806942,15,49,2008,.63151228,1,South Dakota,Snow
1760,260908,327968,14,30,2008,1.2570255,1,Missouri,Severe Storm
1761,2374799,2044461,14,13,2008,.86089855,1,Georgia,Severe Storm
1762,242339,542907,14,7,2008,2.2402792,1,Colorado,Severe Storm
1763,385675268,269635211,14,19,2008,.69912499,1,Iowa,Severe Storm
1764,384459,363158,14,29,2008,.94459486,1,Mississippi,Severe Storm
1765,63275,25125,14,32,2008,.39707625,1,Nebraska,Severe Storm
1766,30795645,23393980,14,18,2008,.7596522,1,Indiana,Severe Storm
1767,1015289,628257,14,31,2008,.61879623,1,Montana,Severe Storm
1768,24379876,17709871,14,58,2008,.72641349,1,Wisconsin,Severe Storm
1769,1083734,812801,14,57,2008,.75000048,1,West Virginia,Severe Storm
1770,3820045,2974007,14,32,2008,.77852666,1,Nebraska,Severe Storm
1771,11631670,6158734,14,17,2008,.5294798,1,Illinois,Severe Storm
1772,1389421,812017,14,28,2008,.58442831,1,Minnesota,Severe Storm
1773,7082751,5364641,14,30,2008,.75742334,1,Missouri,Severe Storm
1774,1066805,545355,14,49,2008,.511204,1,South Dakota,Severe Storm
1775,1928149,1367784,14,42,2008,.70937669,1,Oklahoma,Severe Storm
1776,7920402,6086253,14,20,2008,.76842731,1,Kansas,Severe Storm
1777,1708254,1865013,14,27,2008,1.0917656,1,Michigan,Severe Storm
1778,137969,53071,14,53,2008,.38465887,1,Vermont,Severe Storm
1779,1708172,1279575,14,32,2008,.74909025,1,Nebraska,Severe Storm
1780,28450707,14279521,10,51,2008,.50190389,1,Texas,Hurricane
1781,257818,774677,7,16,2008,3.0047436,1,Idaho,Flood
1782,325364,209770,14,34,2008,.64472407,1,New Hampshire,Severe Storm
1783,122420,91806,14,36,2008,.74992651,1,New Mexico,Severe Storm
1784,70419,52815,14,53,2008,.75001067,1,Vermont,Severe Storm
1785,52607362,26845907,14,12,2008,.51030701,1,Florida,Severe Storm
1786,300356895,166094655,10,22,2008,.55299097,1,Louisiana,Hurricane
1787,1173645,1709371,14,34,2008,1.4564635,1,New Hampshire,Severe Storm
1789,1947078,1486158,10,1,2008,.76327604,1,Alabama,Hurricane
1790,867152,617765,14,53,2008,.71240681,1,Vermont,Severe Storm
1791,941132677,438483844,10,51,2008,.46591076,1,Texas,Hurricane
1792,88117441,35936537,10,22,2008,.40782547,1,Louisiana,Hurricane
1793,818701,630555,10,5,2008,.77018958,1,Arkansas,Hurricane
1794,3838487,3628877,10,29,2008,.94539255,1,Mississippi,Hurricane
1795,10233350,5933134,14,18,2008,.57978415,1,Indiana,Severe Storm
1796,2426335,1940915,14,2,2008,.79993695,1,Alaska,Severe Storm
1797,2650063,1990734,14,1,2008,.75120252,1,Alabama,Severe Storm
1799,441438,511438,14,34,2008,1.1585727,1,New Hampshire,Severe Storm
1800,20382591,13705617,14,17,2008,.67241782,1,Illinois,Severe Storm
1801,606659,482220,14,38,2008,.79487818,1,North Carolina,Severe Storm
1802,3578272,3487555,14,21,2008,.97464782,1,Kentucky,Severe Storm
1803,2352590,1558587,14,42,2008,.66249835,1,Oklahoma,Severe Storm
1804,414112,398250,14,5,2008,.96169633,1,Arkansas,Severe Storm
1805,6190003,4568531,14,41,2008,.73804986,1,Ohio,Severe Storm
1806,6990181,5362174,10,12,2008,.76710087,1,Florida,Hurricane
1808,425044,415976,14,20,2008,.97866571,1,Kansas,Severe Storm
1809,185764,1963454,14,30,2008,10.569615,1,Missouri,Severe Storm
1810,17168774,9391309,5,6,2008,.54699939,1,California,Fire
1811,2352917,1615245,15,49,2008,.68648618,1,South Dakota,Snow
1812,6413579,11355215,13,34,2009,1.7704959,0,New Hampshire,Severe Ice Storm
1813,11002260,6830484,13,26,2009,.62082553,0,Massachusetts,Severe Ice Storm
1814,2060986,151436,7,15,2009,.073477454,0,Hawaii,Flood
1815,939131,995819,14,23,2009,1.0603622,0,Maine,Severe Storm
1816,124784,93590,13,53,2009,.75001603,0,Vermont,Severe Ice Storm
1817,15076285,13546173,7,56,2009,.89850867,0,Washington,Flood
1818,62233569,45654190,13,21,2009,.7335943,0,Kentucky,Severe Ice Storm
1819,42189417,29960206,14,5,2009,.71013558,0,Arkansas,Severe Storm
1820,570521,675875,14,42,2009,1.1846628,0,Oklahoma,Severe Storm
1821,700915,680278,13,50,2009,.97055703,0,Tennessee,Severe Ice Storm
1822,35847683,28013781,14,30,2009,.78146702,0,Missouri,Severe Storm
1823,1773142,3501521,14,42,2009,1.9747549,0,Oklahoma,Severe Storm
1824,3079374,1785137,14,43,2009,.57970774,0,Oregon,Severe Storm
1825,6782549,5023514,14,56,2009,.7406528,0,Washington,Severe Storm
1826,465424,211918,14,17,2009,.45532244,0,Illinois,Severe Storm
1827,3198889,2075115,14,37,2009,.64869863,0,New York,Severe Storm
1828,2474051,3749966,14,18,2009,1.5157189,0,Indiana,Severe Storm
1829,20438975,17627111,14,39,2009,.86242634,0,North Dakota,Severe Storm
1830,8937792,5212225,14,28,2009,.58316696,0,Minnesota,Severe Storm
1831,10263165,7701719,14,12,2009,.75042337,0,Florida,Severe Storm
1832,584533,359031,14,18,2009,.61421853,0,Indiana,Severe Storm
1833,7501885,5960218,14,13,2009,.79449606,0,Georgia,Severe Storm
1834,1725108,1504477,17,5,2009,.87210596,0,Arkansas,Tornado
1835,3369708,5066771,14,1,2009,1.5036231,0,Alabama,Severe Storm
1836,893244,688694,14,1,2009,.77100325,0,Alabama,Severe Storm
1837,269752,231962,14,29,2009,.85990834,0,Mississippi,Severe Storm
1838,5711763,4283824,14,57,2009,.7500003,0,West Virginia,Severe Storm
1839,926129,960514,14,50,2009,1.0371276,0,Tennessee,Severe Storm
1840,12428867,2753776,14,12,2009,.22156292,0,Florida,Severe Storm
1841,12126646,7711048,14,21,2009,.63587642,0,Kentucky,Severe Storm
1842,1142972,1495005,14,1,2009,1.3079979,0,Alabama,Severe Storm
1843,5710038,3390066,7,2,2009,.59370285,0,Alaska,Flood
1844,1085416,1592431,14,49,2009,1.4671159,0,South Dakota,Severe Storm
1845,1828547,1586202,14,5,2009,.86746579,0,Arkansas,Severe Storm
1846,273351,184039,5,42,2009,.67326993,0,Oklahoma,Fire
1847,9476944,7472094,14,30,2009,.78844976,0,Missouri,Severe Storm
1848,2797768,2753642,14,20,2009,.98422813,0,Kansas,Severe Storm
1849,2060715,1734388,14,20,2009,.84164381,0,Kansas,Severe Storm
1850,5293242,1849309,14,17,2009,.3493717,0,Illinois,Severe Storm
1851,1721408,1246756,14,50,2009,.72426528,0,Tennessee,Severe Storm
1852,305510,386326,14,23,2009,1.2645282,0,Maine,Severe Storm
1853,547777,425093,14,32,2009,.77603292,0,Nebraska,Severe Storm
1854,1198261,2828832,14,19,2009,2.3607812,0,Iowa,Severe Storm
1855,7189476,4959016,14,21,2009,.68976045,0,Kentucky,Severe Storm
1856,241339,297951,14,50,2009,1.2345746,0,Tennessee,Severe Storm
1857,8741486,2071946,14,37,2009,.23702446,0,New York,Severe Storm
1858,39543403,28441202,14,13,2009,.71924013,0,Georgia,Severe Storm
1860,1860635,710664,14,20,2009,.38194701,0,Kansas,Severe Storm
1861,2442636,1649156,14,5,2009,.67515421,0,Arkansas,Severe Storm
1862,2188494,1069959,14,55,2009,.48890194,0,Virginia,Severe Storm
1863,988076,1064138,14,22,2009,1.0769799,0,Louisiana,Severe Storm
1864,762329,855941,14,32,2009,1.1227974,0,Nebraska,Severe Storm
1865,665123,773695,14,2,2009,1.163236,0,Alaska,Severe Storm
1866,2013261,1505845,10,1,2009,.74796313,0,Alabama,Hurricane
1867,16100218,5346923,14,35,2009,.33210251,0,New Jersey,Severe Storm
1868,6805947,4939904,14,20,2009,.72582167,0,Kansas,Severe Storm
1869,3933751,1456132,14,37,2009,.37016374,0,New York,Severe Storm
1870,2423415,1703964,14,1,2009,.70312512,0,Alabama,Severe Storm
1871,2293855,11339160,14,38,2010,4.9432769,0,North Carolina,Severe Storm
1872,1888845,1423884,14,5,2010,.75383848,0,Arkansas,Severe Storm
1873,1133568,1148259,15,35,2010,1.01296,0,New Jersey,Snow
1874,6070730,4775842,15,55,2010,.78669977,0,Virginia,Snow
1875,9009421,3995635,15,25,2010,.44349521,0,Maryland,Snow
1876,5600553,4305810,14,42,2010,.76881874,0,Oklahoma,Severe Storm
1877,1985073,1901894,14,19,2010,.95809776,0,Iowa,Severe Storm
1878,236938,54775,14,32,2010,.23117863,0,Nebraska,Severe Storm
1879,2946723,2713339,14,39,2010,.92079878,0,North Dakota,Severe Storm
1880,29332464,22627968,14,19,2010,.77143085,0,Iowa,Severe Storm
1881,340184,255138,15,57,2010,.75,0,West Virginia,Snow
1883,27598191,13681951,13,42,2010,.49575534,0,Oklahoma,Severe Ice Storm
1884,24686370,7462154,14,6,2010,.30227831,0,California,Severe Storm
1885,4910400,9703532,14,20,2010,1.9761184,0,Kansas,Severe Storm
1886,398056,510851,14,49,2010,1.2833647,0,South Dakota,Severe Storm
1887,13585964,9429887,14,49,2010,.69409037,0,South Dakota,Severe Storm
1888,1639665,2860735,14,4,2010,1.744707,0,Arizona,Severe Storm
1889,2705304,2144777,15,35,2010,.79280442,0,New Jersey,Snow
1891,299373,951213,14,23,2010,3.1773508,0,Maine,Severe Storm
1892,1192568,1090719,14,34,2010,.91459692,0,New Hampshire,Severe Storm
1893,1410058,1057567,14,57,2010,.75001669,0,West Virginia,Severe Storm
1894,3665444,2115903,14,47,2010,.57725692,0,Rhode Island,Severe Storm
1895,22865096,11076274,14,26,2010,.48441842,0,Massachusetts,Severe Storm
1896,625382,1033540,15,9,2010,1.6526539,0,Deleware,Snow
1897,10396530,7817678,14,35,2010,.75195068,0,New Jersey,Severe Storm
1898,7360663,8956783,15,45,2010,1.2168446,0,Pennsylvania,Snow
1899,23081752,15218310,14,37,2010,.65932214,0,New York,Severe Storm
1900,2412385,1788755,7,28,2010,.74148822,0,Minnesota,Flood
1901,4039205,3596039,14,39,2010,.89028388,0,North Dakota,Severe Storm
1902,263480,198088,7,32,2010,.75181419,0,Nebraska,Flood
1903,497275,372956,15,57,2010,.74999952,0,West Virginia,Snow
1904,872741,576058,14,8,2010,.66005605,0,Connecticut,Severe Storm
1905,4504929,4099746,15,55,2010,.91005784,0,Virginia,Snow
1906,2521371,2520987,14,29,2010,.99984771,0,Mississippi,Severe Storm
1907,2979962,2833591,7,39,2010,.9508816,0,North Dakota,Flood
1908,2083374,7979621,14,1,2010,3.8301432,0,Alabama,Severe Storm
1909,91486310,66784147,14,50,2010,.7299906,0,Tennessee,Severe Storm
1910,10900776,9039346,15,25,2010,.82923877,0,Maryland,Snow
1911,16383292,5909870,4,6,2010,.36072543,0,California,Earthquake
1912,9573199,11901613,14,21,2010,1.2432221,0,Kentucky,Severe Storm
1913,536890,454010,14,34,2010,.84562945,0,New Hampshire,Severe Storm
1914,978257,665875,14,49,2010,.68067491,0,South Dakota,Severe Storm
1915,3798907,2761935,7,49,2010,.72703409,0,South Dakota,Flood
1916,2056209,3398456,14,29,2010,1.6527776,0,Mississippi,Severe Storm
1917,3511705,2273275,14,42,2010,.64734226,0,Oklahoma,Severe Storm
1918,1428706,963402,7,57,2010,.6743179,0,West Virginia,Flood
1920,362867,315394,14,23,2010,.86917245,0,Maine,Severe Storm
1921,3122624,2258493,17,28,2010,.72326767,0,Minnesota,Tornado
1922,5100869,5224316,14,31,2010,1.0242012,0,Montana,Severe Storm
1923,745613,821053,7,59,2010,1.1011785,0,Wyoming,Flood
1924,1625393,2423419,14,32,2010,1.4909742,0,Nebraska,Severe Storm
1925,3571298,3876109,14,21,2010,1.0853502,0,Kentucky,Severe Storm
1926,848387,1166450,14,42,2010,1.3749032,0,Oklahoma,Severe Storm
1927,849533,4060376,14,16,2010,4.7795391,0,Idaho,Severe Storm
1928,3307473,2591626,14,19,2010,.78356677,0,Iowa,Severe Storm
1929,317685,123185,14,49,2010,.38775831,0,South Dakota,Severe Storm
1930,20563038,15310033,14,19,2010,.74454141,0,Iowa,Severe Storm
1931,7481739,3453907,10,51,2010,.46164495,0,Texas,Hurricane
1932,1301819,1197071,14,20,2010,.91953719,0,Kansas,Severe Storm
1933,15925186,12850354,14,58,2010,.80692017,0,Wisconsin,Severe Storm
1934,2099104,1847409,14,30,2010,.88009405,0,Missouri,Severe Storm
1935,80747901,53424416,14,17,2010,.6616199,0,Illinois,Severe Storm
1936,475873,230950,7,36,2010,.48531857,0,New Mexico,Flood
1937,706937,555201,14,50,2010,.78536135,0,Tennessee,Severe Storm
1938,180880,135660,14,49,2010,.75,0,South Dakota,Severe Storm
1940,3095980,1316005,14,4,2010,.42506897,0,Arizona,Severe Storm
1941,1284863,877464,14,28,2010,.68292415,0,Minnesota,Severe Storm
1942,295330,1635694,14,38,2010,5.5385299,0,North Carolina,Severe Storm
1943,9307244,4074299,17,37,2010,.43775567,0,New York,Tornado
1944,853147,889226,14,58,2010,1.0422893,0,Wisconsin,Severe Storm
1945,66589,399748,14,32,2010,6.0032139,0,Nebraska,Severe Storm
1947,238309,1549801,14,49,2010,6.5033255,0,South Dakota,Severe Storm
1950,105289,83303,14,4,2010,.79118425,0,Arizona,Severe Storm
1951,225610,148960,14,53,2010,.66025442,0,Vermont,Severe Storm
1952,16910580,7074263,7,6,2011,.41833356,0,California,Flood
1953,257258,192417,14,23,2011,.74795341,0,Maine,Severe Storm
1954,11808079,7105722,15,35,2011,.60176784,0,New Jersey,Snow
1955,1398848,3705006,7,52,2011,2.6486123,0,Utah,Flood
1956,979203,10087918,14,43,2011,10.302173,0,Oregon,Severe Storm
1957,8880983,6384208,14,37,2011,.71886277,0,New York,Severe Storm
1958,2859404,2271381,15,8,2011,.79435468,0,Connecticut,Snow
1959,2446683,1644474,15,26,2011,.67212385,0,Massachusetts,Snow
1960,9426345,6841139,15,17,2011,.72574675,0,Illinois,Snow
1961,2358492,1775233,14,30,2011,.75269836,0,Missouri,Severe Storm
1962,348376,64350,14,36,2011,.18471421,0,New Mexico,Severe Storm
1963,1921565,1393619,14,56,2011,.72525209,0,Washington,Severe Storm
1964,2127222,1162630,18,43,2011,.54654849,0,Oregon,Tsunami
1965,1595774,1424388,14,50,2011,.89260006,0,Tennessee,Severe Storm
1966,2613241,2616007,15,58,2011,1.0010585,0,Wisconsin,Snow
1967,1126087,817937,18,15,2011,.72635329,0,Hawaii,Tsunami
1968,10553713,7256303,18,6,2011,.68755925,0,California,Tsunami
1969,6127478,4473735,14,38,2011,.73011035,0,North Carolina,Severe Storm
1970,1522633,1243734,14,42,2011,.81683111,0,Oklahoma,Severe Storm
1971,102493936,74189344,14,1,2011,.72384131,0,Alabama,Severe Storm
1972,4083123,4501229,14,29,2011,1.1023986,0,Mississippi,Severe Storm
1973,6792613,4908858,14,13,2011,.72267592,0,Georgia,Severe Storm
1974,11946812,8671341,14,50,2011,.72582889,0,Tennessee,Severe Storm
1975,12617475,8769255,14,5,2011,.6950087,0,Arkansas,Severe Storm
1976,10071255,5730920,14,21,2011,.56903732,0,Kentucky,Severe Storm
1977,881840,659145,14,19,2011,.74746555,0,Iowa,Severe Storm
1978,1564040,1248110,14,50,2011,.79800391,0,Tennessee,Severe Storm
1979,5620145,4172980,14,50,2011,.742504,0,Tennessee,Severe Storm
1980,125557573,92674133,14,30,2011,.73810071,0,Missouri,Severe Storm
1981,122841598,70517431,7,39,2011,.57405174,0,North Dakota,Flood
1982,756462,1109834,7,28,2011,1.4671378,0,Minnesota,Flood
1983,1932203,1815890,7,29,2011,.93980289,0,Mississippi,Flood
1984,18041033,9329976,7,49,2011,.51715308,0,South Dakota,Flood
1985,1735584,1165950,14,42,2011,.6717912,0,Oklahoma,Severe Storm
1986,820763,1523814,14,39,2011,1.8565823,0,North Dakota,Severe Storm
1987,1034641,11441788,7,16,2011,11.058703,0,Idaho,Flood
1988,736544,1043991,14,42,2011,1.4174184,0,Oklahoma,Severe Storm
1989,2257005,1690799,14,42,2011,.74913394,0,Oklahoma,Severe Storm
1990,174238,534425,14,28,2011,3.0672126,0,Minnesota,Severe Storm
1991,5076827,2345034,14,17,2011,.46190938,0,Illinois,Severe Storm
1992,407761,539784,7,2,2011,1.3237754,0,Alaska,Flood
1993,6595277,4959942,7,37,2011,.75204456,0,New York,Flood
1994,9712468,7166689,17,26,2011,.73788548,0,Massachusetts,Tornado
1995,1385275,1183450,14,53,2011,.85430694,0,Vermont,Severe Storm
1996,10384610,31589628,14,31,2011,3.0419657,0,Montana,Severe Storm
1997,3230197,4738285,14,18,2011,1.4668719,0,Indiana,Severe Storm
1998,15120157,11182676,7,19,2011,.73958731,0,Iowa,Flood
1999,41027537,22027445,5,51,2011,.53689414,0,Texas,Fire
4000,91434,72692,14,5,2011,.79502153,0,Arkansas,Severe Storm
4001,740738,572424,14,53,2011,.77277523,0,Vermont,Severe Storm
4002,6667246,4756485,14,41,2011,.71341074,0,Ohio,Severe Storm
4003,2032194,2234910,14,45,2011,1.0997523,0,Pennsylvania,Severe Storm
4005,1129959,857630,14,50,2011,.75899214,0,Tennessee,Severe Storm
4006,197905,153403,7,34,2011,.77513456,0,New Hampshire,Flood
4007,2177698,937301,14,59,2011,.43040907,0,Wyoming,Severe Storm
4008,1743060,1759967,14,21,2011,1.0096996,0,Kentucky,Severe Storm
4009,1026708,6265621,14,28,2011,6.102632,0,Minnesota,Severe Storm
4010,1407975,1107820,14,20,2011,.78681797,0,Kansas,Severe Storm
4011,1930660,2175866,7,52,2011,1.1270063,0,Utah,Flood
4012,8617431,7545310,7,30,2011,.87558693,0,Missouri,Flood
4013,21450004,15712494,7,32,2011,.73251706,0,Nebraska,Flood
4014,576181,415606,14,32,2011,.72131151,0,Nebraska,Severe Storm
4015,2665356,1954519,7,22,2011,.73330504,0,Louisiana,Flood
4016,2042087,1512615,14,19,2011,.74072015,0,Iowa,Severe Storm
4018,1099894,853490,14,19,2011,.77597475,0,Iowa,Severe Storm
4019,30261835,22370342,10,38,2011,.73922622,0,North Carolina,Hurricane
4020,231216597,86289847,10,37,2011,.37319919,0,New York,Hurricane
4021,55418757,39458067,10,35,2011,.7119984,0,New Jersey,Hurricane
4022,40817081,27998546,10,53,2011,.68595171,0,Vermont,Hurricane
4023,11222610,8128781,10,8,2011,.72432178,0,Connecticut,Hurricane
4024,9452141,15524962,10,55,2011,1.642481,0,Virginia,Hurricane
4025,13623902,9611348,10,45,2011,.70547688,0,Pennsylvania,Hurricane
4026,2564559,7356760,10,34,2011,2.8686256,0,New Hampshire,Hurricane
4027,1510241,1112823,10,47,2011,.73685127,0,Rhode Island,Hurricane
4028,6327956,2356712,10,26,2011,.37242863,0,Massachusetts,Hurricane
4029,33922380,16000949,5,51,2011,.47169301,0,Texas,Fire
4030,49661217,31779491,7,45,2011,.63992572,0,Pennsylvania,Flood
4031,155055457,36487781,14,37,2011,.23532085,0,New York,Severe Storm
4032,484047,397416,10,23,2011,.8210277,0,Maine,Hurricane
4033,1966071,1412721,14,35,2011,.71855032,0,New Jersey,Severe Storm
4034,4064783,3717885,10,25,2011,.91465771,0,Maryland,Hurricane
4035,1961782,576272,7,20,2011,.29374924,0,Kansas,Flood
4036,683027,555850,10,10,2011,.81380385,0,District of Columbia,Hurricane
4037,426147,286341,10,9,2011,.67193013,0,Deleware,Hurricane
4038,2327238,1820109,7,25,2011,.78208977,0,Maryland,Flood
4039,1620631,1711103,14,35,2011,1.0558251,0,New Jersey,Severe Storm
4041,1295387,1062986,1,22,2011,.82059336,0,Louisiana,Coastal Storm
4042,8493063,7442680,4,55,2011,.87632459,0,Virginia,Earthquake
4043,162014,126099,14,53,2011,.77832162,0,Vermont,Severe Storm
4044,1182814,1846867,4,10,2011,1.5614179,0,District of Columbia,Earthquake
4045,1224223,896899,14,55,2011,.73262715,0,Virginia,Severe Storm
4046,16911299,13394387,14,8,2011,.79203773,0,Connecticut,Severe Storm
4047,8049722,1848456,7,36,2011,.2296298,0,New Mexico,Flood
4048,5244967,3633388,14,35,2011,.692738,0,New Jersey,Severe Storm
4049,250252,547305,14,34,2011,2.1870155,0,New Hampshire,Severe Storm
4050,497111,250330,14,2,2011,.5035696,0,Alaska,Severe Storm
4051,14432524,9217051,14,26,2012,.63863057,1,Massachusetts,Severe Storm
4052,341195,146221,14,1,2012,.42855552,1,Alabama,Severe Storm
4053,1479713,32548694,14,52,2012,21.996626,1,Utah,Severe Storm
4054,240201,204260,14,2,2012,.85037112,1,Alaska,Severe Storm
4055,4342910,3547542,7,43,2012,.81685829,1,Oregon,Flood
4056,6490924,4817673,14,56,2012,.74221683,1,Washington,Severe Storm
4057,4244344,7063464,14,21,2012,1.6642063,1,Kentucky,Severe Storm
4058,1461442,1057305,14,18,2012,.72346693,1,Indiana,Severe Storm
4059,1220208,915156,14,57,2012,.75,1,West Virginia,Severe Storm
4060,0,0,14,50,2012,,1,Tennessee,Severe Storm
4061,867008,569670,14,57,2012,.65705276,1,West Virginia,Severe Storm
4062,117128,60949,14,15,2012,.52036232,1,Hawaii,Severe Storm
4063,1174510,692472,14,20,2012,.58958375,1,Kansas,Severe Storm
4064,644453,439235,14,42,2012,.68156248,1,Oklahoma,Severe Storm
4065,426478,1095302,14,34,2012,2.5682497,1,New Hampshire,Severe Storm
4066,158099,2224263,14,53,2012,14.068799,1,Vermont,Severe Storm
4067,1022170,755740,5,7,2012,.73934865,1,Colorado,Fire
4068,22689385,16191067,14,12,2012,.71359658,1,Florida,Severe Storm
4069,7688828,5685708,14,28,2012,.73947656,1,Minnesota,Severe Storm
4070,1521008,1132976,14,35,2012,.74488497,1,New Jersey,Severe Storm
4071,2752695,1555088,14,57,2012,.56493288,1,West Virginia,Severe Storm
4072,4409876,4804670,14,55,2012,1.089525,1,Virginia,Severe Storm
4073,633376,590143,14,10,2012,.93174195,1,District of Columbia,Severe Storm
4074,420576,954319,5,31,2012,2.2690761,1,Montana,Fire
4075,3948173,3151274,14,25,2012,.79816008,1,Maryland,Severe Storm
4076,2100413,1702801,14,58,2012,.81069821,1,Wisconsin,Severe Storm
4077,6413759,3213362,14,41,2012,.50101072,1,Ohio,Severe Storm
4078,1467476,1049140,5,42,2012,.71492821,1,Oklahoma,Fire
4079,14600064,8166611,7,36,2012,.55935448,1,New Mexico,Flood
4080,98361672,45385996,10,22,2012,.46141952,1,Louisiana,Hurricane
4081,10923958,7801417,10,29,2012,.71415663,1,Mississippi,Hurricane
4082,1450253,2723359,10,1,2012,1.877851,1,Alabama,Hurricane
4083,1092341,765439,14,56,2012,.70073265,1,Washington,Severe Storm
4084,4742898,4171282,10,12,2012,.87947959,1,Florida,Hurricane
4085,1876647386,742046526,10,37,2012,.39541075,1,New York,Hurricane
4086,485194813,300189117,10,35,2012,.61869812,1,New Jersey,Hurricane
4087,15781680,9314830,10,8,2012,.59023058,1,Connecticut,Hurricane
4088,327669,1073096,7,52,2012,3.2749391,1,Utah,Flood
4089,1858435,1359218,10,47,2012,.73137772,1,Rhode Island,Hurricane
4090,1207500,982336,10,9,2012,.81352878,1,Deleware,Hurricane
4091,9190862,9436185,10,25,2012,1.026692,1,Maryland,Hurricane
4092,2050260,1495567,10,55,2012,.72945237,1,Virginia,Hurricane
4093,3007092,2253069,10,57,2012,.74925178,1,West Virginia,Hurricane
4094,1938993,1493770,14,2,2012,.77038443,1,Alaska,Severe Storm
4095,208502,2671995,10,34,2012,12.815201,1,New Hampshire,Hurricane
4096,646847,467972,10,10,2012,.72346628,1,District of Columbia,Hurricane
4097,2321828,1877043,10,26,2012,.80843329,1,Massachusetts,Hurricane
4098,5033235,3447782,10,41,2013,.68500316,0,Ohio,Hurricane
4099,2157524,2206769,10,45,2013,1.0228248,0,Pennsylvania,Hurricane
4100,1923111,1372563,13,5,2013,.71372008,0,Arkansas,Severe Ice Storm
4101,1160809,902234,14,29,2013,.77724588,0,Mississippi,Severe Storm
4102,22331,28637,14,22,2013,1.2823877,0,Louisiana,Severe Storm
4103,553828,1583986,11,38,2013,2.8600686,0,North Carolina,
4104,306643,471229,8,4,2013,1.5367349,0,Arizona,Freezing
4105,1260214,1014532,14,34,2013,.80504739,0,New Hampshire,Severe Storm
4106,4515555,2608706,14,8,2013,.57771546,0,Connecticut,Severe Storm
4107,1206200,964765,14,47,2013,.79983836,0,Rhode Island,Severe Storm
4108,345449,856322,14,23,2013,2.4788666,0,Maine,Severe Storm
4109,5628833,9718767,14,42,2013,1.7266042,0,Oklahoma,Severe Storm
4110,7249962,6055276,14,26,2013,.83521485,0,Massachusetts,Severe Storm
4111,7530373,6186936,14,37,2013,.82159758,0,New York,Severe Storm
4112,183617,302495,15,20,2013,1.6474237,0,Kansas,Snow
4113,1515909,1105840,14,28,2013,.72948968,0,Minnesota,Severe Storm
4114,3882571,2842744,14,19,2013,.73218083,0,Iowa,Severe Storm
4115,1674548,2248846,14,49,2013,1.342957,0,South Dakota,Severe Storm
4116,58653681,25713028,7,17,2013,.43838727,0,Illinois,Flood
4117,12992438,9515721,17,42,2013,.73240459,0,Oklahoma,Tornado
4118,987016,1031134,7,39,2013,1.0446984,0,North Dakota,Flood
4119,1320446,3404869,7,19,2013,2.5785749,0,Iowa,Flood
4120,348113,637623,7,53,2013,1.8316553,0,Vermont,Flood
4121,1053637,1486558,7,27,2013,1.4108825,0,Michigan,Flood
4122,5377805,7610265,7,2,2013,1.4151248,0,Alaska,Flood
4124,1940110,1829571,14,5,2013,.94302434,0,Arkansas,Severe Storm
4125,356685,352067,14,49,2013,.98705298,0,South Dakota,Severe Storm
4126,4169260,3031552,14,19,2013,.72711992,0,Iowa,Severe Storm
4127,458603,4497960,7,31,2013,9.8079605,0,Montana,Flood
4128,1291805,944164,14,39,2013,.73088741,0,North Dakota,Severe Storm
4129,12184094,2143382,7,37,2013,.1759164,0,New York,Flood
4130,2430622,3167893,14,30,2013,1.303326,0,Missouri,Severe Storm
4131,2740173,2418380,14,28,2013,.88256472,0,Minnesota,Severe Storm
4132,554462,415848,7,57,2013,.75000268,0,West Virginia,Flood
4133,73848,1180509,5,7,2013,15.98566,0,Colorado,Fire
4134,1254107,865132,5,7,2013,.68983907,0,Colorado,Fire
4135,826052,703433,14,19,2013,.85156018,0,Iowa,Severe Storm
4136,6088948,5388022,12,51,2013,.88488555,0,Texas,Other
4137,332760,5731924,14,49,2013,17.225399,0,South Dakota,Severe Storm
4138,33315737,7446471,14,12,2013,.22351211,0,Florida,Severe Storm
4139,1514762,15526154,14,34,2013,10.249897,0,New Hampshire,Severe Storm
4140,120537,1061480,7,53,2013,8.8062582,0,Vermont,Flood
4141,1397233,1196455,14,58,2013,.85630316,0,Wisconsin,Severe Storm
4142,92185,287643,5,6,2013,3.1202798,0,California,Fire
4143,1667405,1307829,14,5,2013,.78434992,0,Arkansas,Severe Storm
4144,5403865,26395696,14,30,2013,4.8845959,0,Missouri,Severe Storm
4145,97200815,49793239,7,7,2013,.51227182,0,Colorado,Flood
4146,1222589,1080284,7,38,2013,.88360357,0,North Carolina,Flood
4147,15359,1080742,14,36,2013,70.365387,0,New Mexico,Severe Storm
4148,2584810,406171,14,36,2013,.15713766,0,New Mexico,Severe Storm
4149,2351039,1796162,14,45,2013,.76398647,0,Pennsylvania,Severe Storm
4150,2400599,1959749,14,20,2013,.81635833,0,Kansas,Severe Storm
4151,1307855,546419,14,36,2013,.41779783,0,New Mexico,Severe Storm
4152,10615587,2041336,7,36,2013,.1922961,0,New Mexico,Flood
4153,659328,547993,7,38,2013,.83113867,0,North Carolina,Flood
4154,706369,507672,14,39,2013,.71870649,0,North Dakota,Severe Storm
4155,9482365,5907309,14,49,2013,.62297845,0,South Dakota,Severe Storm
4156,502999,412979,14,32,2013,.82103342,0,Nebraska,Severe Storm
4157,430324,355247,17,17,2013,.82553381,0,Illinois,Tornado
4158,26391827,4377658,5,6,2013,.16587172,0,California,Fire
4159,2108855,1537355,14,51,2013,.72899985,0,Texas,Severe Storm
4160,1187395,839584,13,5,2014,.7070806,0,Arkansas,Severe Ice Storm
4161,331729,952106,7,2,2014,2.870132,0,Alaska,Flood
4162,373436,580957,14,2,2014,1.555707,0,Alaska,Severe Storm
4163,415896,524070,13,53,2014,1.2600987,0,Vermont,Severe Ice Storm
4164,777178,1810703,14,42,2014,2.3298433,0,Oklahoma,Severe Storm
4165,11808177,11607906,13,13,2014,.98303962,0,Georgia,Severe Ice Storm
4166,40750900,24936473,13,48,2014,.61192447,0,South Carolina,Severe Ice Storm
4167,7606760,4712924,13,38,2014,.61957049,0,North Carolina,Severe Ice Storm
4168,8613930,6278860,11,56,2014,.72891933,0,Washington,
4169,1127837,1058485,14,43,2014,.93850887,0,Oregon,Severe Storm
4170,1811063,1171300,14,25,2014,.64674723,0,Maryland,Severe Storm
4171,1159903,1202516,13,50,2014,1.0367384,0,Tennessee,Severe Ice Storm
4172,278543,251568,7,31,2014,.90315676,0,Montana,Flood
4173,1928805,2418001,14,18,2014,1.2536265,0,Indiana,Severe Storm
4174,3057021,2578520,14,5,2014,.84347475,0,Arkansas,Severe Storm
4175,6042187,4325847,14,29,2014,.71594059,0,Mississippi,Severe Storm
4176,10732509,7856448,14,1,2014,.73202342,0,Alabama,Severe Storm
4177,44993627,19941789,14,12,2014,.44321364,0,Florida,Severe Storm
4178,313614,243497,7,53,2014,.77642262,0,Vermont,Flood
4179,1837392,1383191,17,32,2014,.75280124,0,Nebraska,Tornado
4180,5722003,4524979,14,37,2014,.79080331,0,New York,Severe Storm
4181,1231269,1253079,14,19,2014,1.0177134,0,Iowa,Severe Storm
4182,9925582,5999873,7,28,2014,.60448575,0,Minnesota,Flood
4183,1999483,1443915,14,32,2014,.72214419,0,Nebraska,Severe Storm
4184,4131954,2962556,7,19,2014,.71698666,0,Iowa,Flood
4185,405077,6672833,14,32,2014,16.473,0,Nebraska,Severe Storm
4186,2624380,3857293,7,49,2014,1.4697921,0,South Dakota,Flood
4187,4094155,3763373,14,19,2014,.91920626,0,Iowa,Severe Storm
4188,3580432,2548107,5,56,2014,.71167588,0,Washington,Fire
4189,680803,558660,14,50,2014,.82058978,0,Tennessee,Severe Storm
4190,379760,734327,7,39,2014,1.9336607,0,North Dakota,Flood
4193,16885129,7611933,4,6,2014,.45080692,0,California,Earthquake
4194,84000,0,14,15,2014,0,0,Hawaii,Severe Storm
4195,35009892,17453742,7,27,2014,.49853745,0,Michigan,Flood
4196,1579285,6930919,14,21,2014,4.3886437,0,Kentucky,Severe Storm
4197,1895433,414976,14,36,2014,.21893467,0,New Mexico,Severe Storm
4198,236449,220009,14,31,2014,.93047124,0,Montana,Severe Storm
4199,17966571,5813453,14,36,2014,.32357055,0,New Mexico,Severe Storm
4200,2289800,1259949,14,30,2014,.55024415,0,Missouri,Severe Storm
4201,140000,75000,20,15,2014,.53571427,0,Hawaii,Volcano
4202,125990,1314509,7,33,2014,10.433439,0,Nevada,Flood
4203,1296157,933750,7,4,2014,.72039884,0,Arizona,Flood
4204,6666351,3017158,15,37,2014,.45259514,0,New York,Snow
4205,32166,24125,17,29,2015,.75001556,0,Mississippi,Tornado
4206,88411,63112,7,6,2015,.71384782,0,California,Flood
4207,789875,602488,14,53,2015,.76276374,0,Vermont,Severe Storm
4208,192830,436417,15,23,2015,2.2632215,0,Maine,Snow
4209,1944899,1999148,14,34,2015,1.0278929,0,New Hampshire,Severe Storm
4210,6405194,6486512,14,57,2015,1.0126957,0,West Virginia,Severe Storm
4211,4400037,3252355,13,50,2015,.73916537,0,Tennessee,Severe Ice Storm
4212,1612662,1791180,14,47,2015,1.1106977,0,Rhode Island,Severe Storm
4213,1881106,1360808,14,8,2015,.72340846,0,Connecticut,Severe Storm
4214,13151076,8883640,14,26,2015,.67550671,0,Massachusetts,Severe Storm
4215,2685807,2518910,13,13,2015,.93785965,0,Georgia,Severe Ice Storm
4216,1183807,421051,15,21,2015,.35567537,0,Kentucky,Snow
4217,3879128,9409932,7,21,2015,2.4257853,0,Kentucky,Flood
4218,5007133,3979848,7,21,2015,.79483569,0,Kentucky,Flood
4219,2211645,1569436,14,57,2015,.70962381,0,West Virginia,Severe Storm
4220,1405895,1029163,7,57,2015,.73203403,0,West Virginia,Flood
4221,1582149,1160768,7,57,2015,.73366541,0,West Virginia,Flood
4222,17293051,11392207,14,42,2015,.65877366,0,Oklahoma,Severe Storm
4223,45804164,27391461,14,51,2015,.59801245,0,Texas,Severe Storm
4225,1962659,1424953,14,32,2015,.7260319,0,Nebraska,Severe Storm
4226,2657851,3227914,14,5,2015,1.2144827,0,Arkansas,Severe Storm
4227,1731648,761307,7,59,2015,.43964306,0,Wyoming,Flood
4228,1561282,1312842,7,22,2015,.84087437,0,Louisiana,Flood
4229,6769059,4185954,7,7,2015,.61839527,0,Colorado,Flood
4230,2276200,1828961,14,20,2015,.80351508,0,Kansas,Severe Storm
4231,2662106,1166515,14,35,2015,.43819255,0,New Jersey,Severe Storm
4232,248922,189595,14,53,2015,.76166427,0,Vermont,Severe Storm
4233,734930,882815,14,49,2015,1.2012233,0,South Dakota,Severe Storm
4234,2057254,2877732,14,19,2015,1.3988219,0,Iowa,Severe Storm
4236,1636014,1200799,14,57,2015,.73397845,0,West Virginia,Severe Storm
4237,402209,228029,14,49,2015,.56694156,0,South Dakota,Severe Storm
4238,14708104,9740399,14,30,2015,.66224706,0,Missouri,Severe Storm
4239,1900843,2134793,14,21,2015,1.1230769,0,Kentucky,Severe Storm
4240,49717501,19135854,5,6,2015,.38489172,0,California,Fire
4241,52351850,32110817,7,48,2015,.61336547,0,South Carolina,Flood
4242,574528,470178,14,56,2015,.81837267,0,Washington,Severe Storm
4243,3491142,2467561,5,56,2015,.70680624,0,Washington,Fire
4244,593396,11388929,1,2,2015,19.192797,0,Alaska,Coastal Storm
4245,9084538,8278193,14,51,2015,.91123986,0,Texas,Severe Storm
4246,231173,208090,14,16,2015,.90014839,0,Idaho,Severe Storm
4247,7183904,4115091,13,42,2015,.57282096,0,Oklahoma,Severe Ice Storm
4248,1254439,2991885,14,29,2016,2.3850381,1,Mississippi,Severe Storm
4249,540140,466421,14,56,2016,.86351871,1,Washington,Severe Storm
4250,14236706,10360326,7,30,2016,.72771931,1,Missouri,Flood
4251,2924267,3347358,14,1,2016,1.1446828,1,Alabama,Severe Storm
4252,2778970,1695057,14,16,2016,.60995871,1,Idaho,Severe Storm
4253,82388,215219,7,56,2016,2.6122615,1,Washington,Flood
4254,6055349,1934375,14,5,2016,.31944898,1,Arkansas,Severe Storm
4255,4859104,1805059,14,51,2016,.37147981,1,Texas,Severe Storm
4256,7003458,4052606,14,42,2016,.57865787,1,Oklahoma,Severe Storm
4258,3317224,3184310,14,43,2016,.95993215,1,Oregon,Severe Storm
4259,1429842,2029346,14,13,2016,1.4192799,1,Georgia,Severe Storm
4260,638137,520968,15,10,2016,.81638896,1,District of Columbia,Snow
4261,972394,428326,15,25,2016,.44048604,1,Maryland,Snow
4262,3687969,990341,15,55,2016,.2685329,1,Virginia,Snow
4263,4227448,2260149,7,22,2016,.53463674,1,Louisiana,Flood
4264,11642555,8671389,14,35,2016,.74480122,1,New Jersey,Severe Storm
4265,14974,248441,15,9,2016,16.591492,1,Deleware,Snow
4266,478375,8680601,7,51,2016,18.146017,1,Texas,Flood
4267,5020628,3531172,15,45,2016,.70333272,1,Pennsylvania,Snow
4268,187729,321267,7,29,2016,1.7113339,1,Mississippi,Flood
4269,1353062,911828,7,51,2016,.67389965,1,Texas,Flood
4270,562821,838111,14,5,2016,1.4891254,1,Arkansas,Severe Storm
4271,25473,1136033,14,31,2016,44.597534,1,Montana,Severe Storm
4272,739136,70804,7,51,2016,.095792927,1,Texas,Flood
4273,3555538,1087680,7,57,2016,.30591151,1,West Virginia,Flood
4274,50000,1256550,7,42,2016,25.131001,1,Oklahoma,Flood
4275,16365,65253,17,31,2016,3.9873509,1,Montana,Tornado
4276,990019,963901,14,58,2016,.97361869,1,Wisconsin,Severe Storm
4277,3084501,121960,7,22,2016,.03953962,1,Louisiana,Flood
4278,88201,992738,14,21,2016,11.255405,1,Kentucky,Severe Storm
4279,10281,44714,7,25,2016,4.3491879,1,Maryland,Flood
4280,14019611,4926604,10,12,2016,.35140803,1,Florida,Hurricane
4281,558298,817674,7,19,2016,1.4645834,1,Iowa,Flood
4283,24068295,7219043,10,12,2016,.29993993,1,Florida,Hurricane
4284,926000,694500,10,13,2016,.75,1,Georgia,Hurricane
4285,1273367,435070,10,38,2016,.34166896,1,North Carolina,Hurricane
4286,410296,1981119,10,48,2016,4.8285117,1,South Carolina,Hurricane
4287,28811,34972,14,20,2016,1.2138419,1,Kansas,Severe Storm
4288,28501,50625,7,58,2016,1.7762535,1,Wisconsin,Flood
4289,5371585,4015913,7,19,2016,.7476216,1,Iowa,Flood
4290,407305,357938,7,28,2016,.87879598,1,Minnesota,Flood
4292,128832,1063749,7,45,2016,8.2568693,1,Pennsylvania,Flood
4294,150000,112500,14,13,2017,.75,0,Georgia,Severe Storm
4295,18625,0,17,29,2017,0,0,Mississippi,Tornado
4297,300000,225000,17,13,2017,.75,0,Georgia,Tornado
4298,129393,96955,14,49,2017,.74930638,0,South Dakota,Severe Storm
4299,81190,11625,14,42,2017,.14318267,0,Oklahoma,Severe Storm
4300,23058,1006470,17,22,2017,43.649494,0,Louisiana,Tornado
4301,764780,683763,14,6,2017,.89406496,0,California,Severe Storm
4303,27310,35550,14,33,2017,1.301721,0,Nevada,Severe Storm
4304,11006,7495,13,20,2017,.68099219,0,Kansas,Severe Ice Storm
4305,1062857,769283,7,6,2017,.72378784,0,California,Flood
4307,24087,1830870,14,33,2017,76.010712,0,Nevada,Severe Storm
4308,904394,83850,7,6,2017,.092714019,0,California,Flood
4317,155599,3683,7,30,2017,.023669818,0,Missouri,Flood
4319,72500,188606,15,20,2017,2.6014621,0,Kansas,Snow
4337,2500000,58813,10,12,2017,.023525201,0,Florida,Hurricane
4338,400000,300000,10,13,2017,.75,0,Georgia,Hurricane
4344,398312,298734,5,6,2017,.75,0,California,Fire
5084,457749,505186,5,2,2015,1.103631,0,Alaska,Fire
5085,16194,33387,5,2,2015,2.0616896,0,Alaska,Fire
5086,102737,1286160,5,4,2015,12.518956,0,Arizona,Fire
5087,456572,554913,5,56,2015,1.2153898,0,Washington,Fire
5088,36893,1604499,5,16,2015,43.490608,0,Idaho,Fire
5089,610062,1369740,5,6,2015,2.2452471,0,California,Fire
5090,62784,121375,5,56,2015,1.9332155,0,Washington,Fire
5091,688627,617010,5,6,2015,.89600033,0,California,Fire
5092,56762,233606,5,43,2015,4.1155353,0,Oregon,Fire
5093,610332,535972,5,6,2015,.87816465,0,California,Fire
5094,62783,2003574,5,56,2015,31.912683,0,Washington,Fire
5095,378826,533974,5,4,2015,1.4095495,0,Arizona,Fire
5096,69792,43290,5,43,2015,.62027168,0,Oregon,Fire
5097,91243,661278,5,43,2015,7.247438,0,Oregon,Fire
5098,21572,799369,5,56,2015,37.055859,0,Washington,Fire
5099,32388,3360198,5,16,2015,103.74824,0,Idaho,Fire
5100,62572,100624,5,56,2015,1.6081314,0,Washington,Fire
5101,62784,138049,5,56,2015,2.1987927,0,Washington,Fire
5102,49012,91848,5,43,2015,1.8739901,0,Oregon,Fire
5103,62784,61817,5,56,2015,.98459798,0,Washington,Fire
5104,62783,207301,5,56,2015,3.3018651,0,Washington,Fire
5105,67820,49432,5,16,2015,.72887051,0,Idaho,Fire
5106,21572,17120,5,56,2015,.79362136,0,Washington,Fire
5107,36592,419063,5,43,2015,11.452312,0,Oregon,Fire
5108,62783,75622,5,56,2015,1.2044981,0,Washington,Fire
5109,674709,1025141,5,56,2015,1.5193825,0,Washington,Fire
5110,32388,475101,5,16,2015,14.669044,0,Idaho,Fire
5111,21592,790875,5,6,2015,36.628151,0,California,Fire
5112,610332,453587,5,6,2015,.74318075,0,California,Fire
5113,62783,61817,5,56,2015,.98461366,0,Washington,Fire
5114,75962,50903,5,43,2015,.67011136,0,Oregon,Fire
5115,75598,982616,5,59,2015,12.99791,0,Wyoming,Fire
5116,441555,93000,5,51,2015,.21061929,0,Texas,Fire
5117,416958,312577,5,42,2015,.74966061,0,Oklahoma,Fire
